class	slot	action	target	path	LinkML implementation notes	value
PlantAssociatedInterface|SoilInterface	air_temp_regm	replace_attribute	recommended			true
SoilInterface	al_sat	replace_attribute	description			The relative abundance of aluminum in the sample
SoilInterface	al_sat	overwrite_examples	examples			0.27
SoilInterface	al_sat	replace_attribute	title			aluminum saturation/ extreme unusual properties
SoilInterface	al_sat	add_attribute	todos			This is no longer matching the listed IRI from GSC. When NMDC has its own slots, map this to the MIxS slot|Example & validation. Can we make rules that 27% & 27 % & 0.27 will validate?|I think it's weird the way GSC writes the title. I recommend this change. Thoughts? I would argue this isn't an extreme unusual property. It's just a biogeochemical measurement.
SoilInterface	al_sat_meth	replace_attribute	description			Reference or method used in determining Aluminum saturation
SoilInterface	al_sat_meth	overwrite_examples	examples			https://doi.org/10.1371/journal.pone.0176357
SoilInterface	al_sat_meth	replace_attribute	title			aluminum saturation method/ extreme unusual properties
SoilInterface	al_sat_meth	add_attribute	todos			This is no longer matching the listed IRI from GSC. When NMDC has its own slots, map this to the MIxS slot|I think it's weird the way GSC writes the title. I recommend this change. Thoughts?
AirInterface|BiofilmInterface|BuiltEnvInterface|HostAssociatedInterface|MiscEnvsInterface	alt	replace_attribute	recommended			true
DhMultiviewCommonColumnsMixin	analysis_type	replace_attribute	required			true
DhMultiviewCommonColumnsMixin	analysis_type	replace_attribute	recommended			false
SoilInterface	annual_precpt	overwrite_examples	examples			8.94 inch
SoilInterface	annual_precpt	add_attribute	todos			This is no longer matching the listed IRI from GSC, added example. When NMDC has its own slots, map this to the MIxS slot
PlantAssociatedInterface|SoilInterface	biotic_regm	replace_attribute	recommended			true
BuiltEnvInterface	built_struc_age	overwrite_examples	examples			15 years
SoilInterface	bulk_elect_conductivity	overwrite_examples	examples			0.017 mS/cm
BiofilmInterface|SedimentInterface|SoilInterface|WaterInterface	carb_nitro_ratio	replace_attribute	range			float
AirInterface|BiofilmInterface|HcrCoresInterface|HcrFluidsSwabsInterface|HostAssociatedInterface|MiscEnvsInterface|PlantAssociatedInterface|SedimentInterface|SoilInterface|WastewaterSludgeInterface|WaterInterface	chem_administration	replace_attribute	pattern			^(\S+.*\S+ \[[A-za-z]+:\d+\];[12]\d{3}(?:(?:-(?:0[1-9]|1[0-2]))(?:-(?:0[1-9]|[12]\d|3[01]))?)?\|)*(\S+.*\S+ \[[A-za-z]+:\d+\];[12]\d{3}(?:(?:-(?:0[1-9]|1[0-2]))(?:-(?:0[1-9]|[12]\d|3[01]))?)?)$
AirInterface|BiofilmInterface|HcrCoresInterface|HcrFluidsSwabsInterface|HostAssociatedInterface|MiscEnvsInterface|PlantAssociatedInterface|SedimentInterface|SoilInterface|WastewaterSludgeInterface|WaterInterface	chem_administration	replace_attribute	range			string
AirInterface|BiofilmInterface|HcrCoresInterface|HcrFluidsSwabsInterface|HostAssociatedInterface|MiscEnvsInterface|PlantAssociatedInterface|SedimentInterface|SoilInterface|WastewaterSludgeInterface|WaterInterface	chem_administration	replace_attribute	recommended			true
PlantAssociatedInterface|SoilInterface	climate_environment	replace_attribute	recommended			true
PlantAssociatedInterface|SoilInterface	climate_environment	add_attribute	todos			"description says ""can include multiple climates"" but multivalued is set to false|add examples, i need to see some examples to add correctly formatted example."
AirInterface|BiofilmInterface|BuiltEnvInterface|HcrCoresInterface|HcrFluidsSwabsInterface|HostAssociatedInterface|MiscEnvsInterface|PlantAssociatedInterface|SedimentInterface|SoilInterface|WastewaterSludgeInterface|WaterInterface	collection_date	replace_attribute	description			The date of sampling
AirInterface|BiofilmInterface|BuiltEnvInterface|HcrCoresInterface|HcrFluidsSwabsInterface|HostAssociatedInterface|MiscEnvsInterface|PlantAssociatedInterface|SedimentInterface|SoilInterface|WastewaterSludgeInterface|WaterInterface	collection_date	overwrite_examples	examples			2021-04-15|2021-04|2021
AirInterface|BiofilmInterface|BuiltEnvInterface|HcrCoresInterface|HcrFluidsSwabsInterface|HostAssociatedInterface|MiscEnvsInterface|PlantAssociatedInterface|SedimentInterface|SoilInterface|WastewaterSludgeInterface|WaterInterface	collection_date	add_attribute	notes			MIxS collection_date accepts (truncated) ISO8601. DH taking arb prec date only
AirInterface|BiofilmInterface|BuiltEnvInterface|HcrCoresInterface|HcrFluidsSwabsInterface|HostAssociatedInterface|MiscEnvsInterface|PlantAssociatedInterface|SedimentInterface|SoilInterface|WastewaterSludgeInterface|WaterInterface	collection_date	add_attribute	notes			Use modified term (amended definition)
AirInterface|BiofilmInterface|BuiltEnvInterface|HcrCoresInterface|HcrFluidsSwabsInterface|HostAssociatedInterface|MiscEnvsInterface|PlantAssociatedInterface|SedimentInterface|SoilInterface|WastewaterSludgeInterface|WaterInterface	collection_date	replace_attribute	pattern			^[12]\d{3}(?:(?:-(?:0[1-9]|1[0-2]))(?:-(?:0[1-9]|[12]\d|3[01]))?)?$
AirInterface|BiofilmInterface|BuiltEnvInterface|HcrCoresInterface|HcrFluidsSwabsInterface|HostAssociatedInterface|MiscEnvsInterface|PlantAssociatedInterface|SedimentInterface|SoilInterface|WastewaterSludgeInterface|WaterInterface	collection_date	replace_attribute	range			string
AirInterface|BiofilmInterface|BuiltEnvInterface|HcrCoresInterface|HcrFluidsSwabsInterface|HostAssociatedInterface|MiscEnvsInterface|PlantAssociatedInterface|SedimentInterface|SoilInterface|WastewaterSludgeInterface|WaterInterface	collection_date	replace_attribute	required			true
AirInterface|BiofilmInterface|BuiltEnvInterface|HcrCoresInterface|HcrFluidsSwabsInterface|HostAssociatedInterface|MiscEnvsInterface|PlantAssociatedInterface|SedimentInterface|SoilInterface|WastewaterSludgeInterface|WaterInterface	collection_date	replace_attribute	string_serialization			{date, arbitrary precision}
SoilInterface	cur_vegetation	overwrite_examples	examples			deciduous forest|forest|Bauhinia variegata
SoilInterface	cur_vegetation	add_attribute	todos			This is no longer matching the listed IRI from GSC. When NMDC has its own slots, map this to the MIxS slot|Recommend changing this from text value to some kind of ontology?
SoilInterface	cur_vegetation_meth	overwrite_examples	examples			https://doi.org/10.1111/j.1654-109X.2011.01154.x
SoilInterface	cur_vegetation_meth	add_attribute	todos			This is no longer matching the listed IRI from GSC. When NMDC has its own slots, map this to the MIxS slot|I'm not sure this is a DOI, PMID, or URI. Should pool the community and find out how they accomplish this if provided.
AirInterface|BiofilmInterface|BuiltEnvInterface|HcrCoresInterface|HcrFluidsSwabsInterface|HostAssociatedInterface|MiscEnvsInterface|PlantAssociatedInterface|SedimentInterface|SoilInterface|WastewaterSludgeInterface|WaterInterface	depth	add_attribute	comments			All depths must be reported in meters. Provide the numerical portion only.
AirInterface|BiofilmInterface|BuiltEnvInterface|HcrCoresInterface|HcrFluidsSwabsInterface|HostAssociatedInterface|MiscEnvsInterface|PlantAssociatedInterface|WastewaterSludgeInterface|WaterInterface	depth	overwrite_examples	examples			0 - 0.1|1
SedimentInterface|SoilInterface	depth	overwrite_examples	examples			0 - 0.1|1 - 1.5
AirInterface|BiofilmInterface|BuiltEnvInterface|HcrCoresInterface|HcrFluidsSwabsInterface|HostAssociatedInterface|MiscEnvsInterface|PlantAssociatedInterface|SedimentInterface|SoilInterface|WastewaterSludgeInterface|WaterInterface	depth	add_attribute	notes			Use modified term
AirInterface|BiofilmInterface|BuiltEnvInterface|HcrCoresInterface|HcrFluidsSwabsInterface|HostAssociatedInterface|MiscEnvsInterface|PlantAssociatedInterface|SedimentInterface|SoilInterface|WastewaterSludgeInterface|WaterInterface	depth	replace_attribute	range			string
SedimentInterface|SoilInterface|WaterInterface	depth	replace_attribute	required			true
AirInterface|BiofilmInterface|BuiltEnvInterface|HcrCoresInterface|HcrFluidsSwabsInterface|HostAssociatedInterface|MiscEnvsInterface|PlantAssociatedInterface|WastewaterSludgeInterface	depth	replace_attribute	recommended			true
AirInterface|BiofilmInterface|BuiltEnvInterface|HcrCoresInterface|HcrFluidsSwabsInterface|HostAssociatedInterface|MiscEnvsInterface|PlantAssociatedInterface|WastewaterSludgeInterface|WaterInterface	depth	replace_attribute	string_serialization			{float}|{float}-{float}
SedimentInterface|SoilInterface	depth	replace_attribute	string_serialization			{float}-{float}
AirInterface|BiofilmInterface|BuiltEnvInterface|HcrCoresInterface|HcrFluidsSwabsInterface|HostAssociatedInterface|MiscEnvsInterface|PlantAssociatedInterface|SedimentInterface|SoilInterface|WastewaterSludgeInterface|WaterInterface	depth	replace_attribute	title			depth, meters
BiofilmInterface|MiscEnvsInterface|SedimentInterface|WaterInterface	diether_lipids	overwrite_examples	examples			archaeol;0.2 ng/L
JgiMgInterface	dna_absorb1	replace_attribute	recommended			true
JgiMgInterface	dna_absorb2	replace_attribute	recommended			true
JgiMgLrInterface	dna_absorb1	replace_attribute	required			true
JgiMgLrInterface	dna_absorb1	replace_attribute	recommended			false
JgiMgLrInterface	dna_absorb2	replace_attribute	required			true
JgiMgLrInterface	dna_absorb2	replace_attribute	recommended			false
JgiMgInterface|JgiMgLrInterface	dna_concentration	replace_attribute	required			true
JgiMgInterface|JgiMgLrInterface	dna_concentration	replace_attribute	recommended			false
JgiMgInterface|JgiMgLrInterface	dna_cont_type	replace_attribute	required			true
JgiMgInterface|JgiMgLrInterface	dna_cont_type	replace_attribute	recommended			false
JgiMgInterface|JgiMgLrInterface	dna_container_id	replace_attribute	required			true
JgiMgInterface|JgiMgLrInterface	dna_container_id	replace_attribute	recommended			false
JgiMgInterface|JgiMgLrInterface	dna_dnase	replace_attribute	required			true
JgiMgInterface|JgiMgLrInterface	dna_dnase	replace_attribute	recommended			false
JgiMgInterface|JgiMgLrInterface	dna_isolate_meth	replace_attribute	required			true
JgiMgInterface|JgiMgLrInterface	dna_isolate_meth	replace_attribute	recommended			false
JgiMgInterface|JgiMgLrInterface	dna_project_contact	replace_attribute	required			true
JgiMgInterface|JgiMgLrInterface	dna_project_contact	replace_attribute	recommended			false
JgiMgInterface|JgiMgLrInterface	dna_samp_id	replace_attribute	required			true
JgiMgInterface|JgiMgLrInterface	dna_samp_id	replace_attribute	recommended			false
JgiMgInterface|JgiMgLrInterface	dna_sample_format	replace_attribute	required			true
JgiMgInterface|JgiMgLrInterface	dna_sample_format	replace_attribute	recommended			false
JgiMgInterface|JgiMgLrInterface	dna_sample_name	replace_attribute	required			true
JgiMgInterface|JgiMgLrInterface	dna_sample_name	replace_attribute	recommended			false
JgiMgInterface|JgiMgLrInterface	dna_sample_name	replace_attribute	pattern			^[_a-zA-Z0-9-]*$
JgiMgInterface|JgiMgLrInterface	dna_seq_project	replace_attribute	required			true
JgiMgInterface|JgiMgLrInterface	dna_seq_project	replace_attribute	recommended			false
JgiMgInterface|JgiMgLrInterface	dna_seq_project_name	replace_attribute	required			true
JgiMgInterface|JgiMgLrInterface	dna_seq_project_name	replace_attribute	recommended			false
JgiMgInterface|JgiMgLrInterface	dna_seq_project_pi	replace_attribute	required			true
JgiMgInterface|JgiMgLrInterface	dna_seq_project_pi	replace_attribute	recommended			false
JgiMgInterface|JgiMgLrInterface	dna_volume	replace_attribute	required			true
JgiMgInterface|JgiMgLrInterface	dna_volume	replace_attribute	recommended			false
JgiMtInterface	dnase_rna	replace_attribute	required			true
JgiMtInterface	dnase_rna	replace_attribute	recommended			false
SoilInterface	ecosystem	replace_attribute	range			EcosystemForSoilEnum
AirInterface|BiofilmInterface|BuiltEnvInterface|HcrCoresInterface|HcrFluidsSwabsInterface|HostAssociatedInterface|MiscEnvsInterface|PlantAssociatedInterface|SedimentInterface|WastewaterSludgeInterface	ecosystem	replace_attribute	range			EcosystemEnum
AirInterface|BiofilmInterface|BuiltEnvInterface|HcrCoresInterface|HcrFluidsSwabsInterface|HostAssociatedInterface|MiscEnvsInterface|PlantAssociatedInterface|SedimentInterface|SoilInterface|WastewaterSludgeInterface|WaterInterface	ecosystem	replace_attribute	recommended			true
SoilInterface	ecosystem_category	replace_attribute	range			EcosystemCategoryForSoilEnum
AirInterface|BiofilmInterface|BuiltEnvInterface|HcrCoresInterface|HcrFluidsSwabsInterface|HostAssociatedInterface|MiscEnvsInterface|PlantAssociatedInterface|SedimentInterface|WastewaterSludgeInterface	ecosystem_category	replace_attribute	range			EcosystemCategoryEnum
AirInterface|BiofilmInterface|BuiltEnvInterface|HcrCoresInterface|HcrFluidsSwabsInterface|HostAssociatedInterface|MiscEnvsInterface|PlantAssociatedInterface|SedimentInterface|SoilInterface|WastewaterSludgeInterface|WaterInterface	ecosystem_category	replace_attribute	recommended			true
SoilInterface	ecosystem_subtype	replace_attribute	range			EcosystemSubtypeForSoilEnum
AirInterface|BiofilmInterface|BuiltEnvInterface|HcrCoresInterface|HcrFluidsSwabsInterface|HostAssociatedInterface|MiscEnvsInterface|PlantAssociatedInterface|SedimentInterface|WastewaterSludgeInterface	ecosystem_subtype	replace_attribute	range			EcosystemSubtypeEnum
AirInterface|BiofilmInterface|BuiltEnvInterface|HcrCoresInterface|HcrFluidsSwabsInterface|HostAssociatedInterface|MiscEnvsInterface|PlantAssociatedInterface|SedimentInterface|SoilInterface|WastewaterSludgeInterface|WaterInterface	ecosystem_subtype	replace_attribute	recommended			true
SoilInterface	ecosystem_type	replace_attribute	range			EcosystemTypeForSoilEnum
AirInterface|BiofilmInterface|BuiltEnvInterface|HcrCoresInterface|HcrFluidsSwabsInterface|HostAssociatedInterface|MiscEnvsInterface|PlantAssociatedInterface|SedimentInterface|WastewaterSludgeInterface	ecosystem_type	replace_attribute	range			EcosystemTypeEnum
AirInterface|BiofilmInterface|BuiltEnvInterface|HcrCoresInterface|HcrFluidsSwabsInterface|HostAssociatedInterface|MiscEnvsInterface|PlantAssociatedInterface|SedimentInterface|SoilInterface|WastewaterSludgeInterface|WaterInterface	ecosystem_type	replace_attribute	recommended			true
AirInterface|BiofilmInterface|BuiltEnvInterface|HcrCoresInterface|HcrFluidsSwabsInterface|HostAssociatedInterface|MiscEnvsInterface|PlantAssociatedInterface|SedimentInterface|SoilInterface|WastewaterSludgeInterface	elev	overwrite_examples	examples			225| 0|1250
AirInterface|BiofilmInterface|BuiltEnvInterface|HcrCoresInterface|HcrFluidsSwabsInterface|HostAssociatedInterface|MiscEnvsInterface|PlantAssociatedInterface|SedimentInterface|SoilInterface|WastewaterSludgeInterface	elev	replace_attribute	range			float
AirInterface|BiofilmInterface|BuiltEnvInterface|HcrCoresInterface|HcrFluidsSwabsInterface|HostAssociatedInterface|MiscEnvsInterface|PlantAssociatedInterface|SedimentInterface|SoilInterface|WastewaterSludgeInterface	elev	replace_attribute	required			true
AirInterface|BiofilmInterface|BuiltEnvInterface|HcrCoresInterface|HcrFluidsSwabsInterface|HostAssociatedInterface|MiscEnvsInterface|PlantAssociatedInterface|SedimentInterface|SoilInterface|WastewaterSludgeInterface	elev	replace_attribute	title			elevation, meters
EmslInterface	emsl_store_temp	replace_attribute	required			true
EmslInterface	emsl_store_temp	replace_attribute	recommended			false
AirInterface|BiofilmInterface|BuiltEnvInterface|HcrCoresInterface|HcrFluidsSwabsInterface|HostAssociatedInterface|MiscEnvsInterface|PlantAssociatedInterface|SedimentInterface|SoilInterface|WastewaterSludgeInterface	env_broad_scale	replace_attribute	description			In this field, report which major environmental system your sample or specimen came from. The systems identified should have a coarse spatial grain, to provide the general environmental context of where the sampling was done (e.g. were you in the desert or a rainforest?). We recommend using subclasses of ENVO's biome class: http://purl.obolibrary.org/obo/ENVO_00000428. Format (one term): termLabel [termID], Format (multiple terms): termLabel [termID]|termLabel [termID]|termLabel [termID]. Example: Annotating a water sample from the photic zone in middle of the Atlantic Ocean, consider: oceanic epipelagic zone biome [ENVO:01000033]. Example: Annotating a sample from the Amazon rainforest consider: tropical moist broadleaf forest biome [ENVO:01000228]. If needed, request new terms on the ENVO tracker, identified here: http://www.obofoundry.org/ontology/envo.html
AirInterface|BiofilmInterface|BuiltEnvInterface|HcrCoresInterface|HcrFluidsSwabsInterface|HostAssociatedInterface|MiscEnvsInterface|PlantAssociatedInterface|SedimentInterface|SoilInterface|WastewaterSludgeInterface	env_broad_scale	add_attribute	notes			"range changed to enumeration late in makefile, so this is modified (but ""sample ID"" anyway)"
SoilInterface	env_broad_scale	remove_attribute	range			
SoilInterface	env_broad_scale	replace_attribute	any_of.0.range			EnvBroadScaleSoilEnum
SoilInterface	env_broad_scale	replace_attribute	any_of.1.range			string
AirInterface|BiofilmInterface|BuiltEnvInterface|HcrCoresInterface|HcrFluidsSwabsInterface|HostAssociatedInterface|MiscEnvsInterface|PlantAssociatedInterface|SedimentInterface|SoilInterface|WastewaterSludgeInterface|WaterInterface	env_broad_scale	replace_attribute	required			true
AirInterface|BiofilmInterface|BuiltEnvInterface|HcrCoresInterface|HcrFluidsSwabsInterface|HostAssociatedInterface|MiscEnvsInterface|PlantAssociatedInterface|SedimentInterface|SoilInterface|WastewaterSludgeInterface	env_local_scale	overwrite_examples	examples			canopy [ENVO:00000047]|herb and fern layer [ENVO:01000337]|litter layer [ENVO:01000338]|understory [ENVO:01000335]|shrub layer [ENVO:01000336]
AirInterface|BiofilmInterface|BuiltEnvInterface|HcrCoresInterface|HcrFluidsSwabsInterface|HostAssociatedInterface|MiscEnvsInterface|PlantAssociatedInterface|SedimentInterface|SoilInterface|WastewaterSludgeInterface	env_local_scale	add_attribute	notes			"range changed to enumeration late in makefile, so this is modified (but ""sample ID"" anyway)"
SoilInterface	env_local_scale	remove_attribute	range			
SoilInterface	env_local_scale	replace_attribute	any_of.0.range			EnvLocalScaleSoilEnum
SoilInterface	env_local_scale	replace_attribute	any_of.1.range			string
AirInterface|BiofilmInterface|BuiltEnvInterface|HcrCoresInterface|HcrFluidsSwabsInterface|HostAssociatedInterface|MiscEnvsInterface|PlantAssociatedInterface|SedimentInterface|SoilInterface|WastewaterSludgeInterface|WaterInterface	env_local_scale	replace_attribute	required			true
AirInterface|BiofilmInterface|BuiltEnvInterface|HcrCoresInterface|HcrFluidsSwabsInterface|HostAssociatedInterface|MiscEnvsInterface|PlantAssociatedInterface|SedimentInterface|SoilInterface|WastewaterSludgeInterface	env_medium	overwrite_examples	examples			soil [ENVO:00001998]
AirInterface|BiofilmInterface|BuiltEnvInterface|HcrCoresInterface|HcrFluidsSwabsInterface|HostAssociatedInterface|MiscEnvsInterface|PlantAssociatedInterface|SedimentInterface|SoilInterface|WastewaterSludgeInterface	env_medium	add_attribute	notes			"range changed to enumeration late in makefile, so this is modified (but ""sample ID"" anyway)"
SoilInterface	env_medium	remove_attribute	range			EnvMediumSoilEnum
SoilInterface	env_medium	replace_attribute	any_of.0.range			EnvMediumSoilEnum
SoilInterface	env_medium	replace_attribute	any_of.1.range			string
AirInterface|BiofilmInterface|BuiltEnvInterface|HcrCoresInterface|HcrFluidsSwabsInterface|HostAssociatedInterface|MiscEnvsInterface|PlantAssociatedInterface|SedimentInterface|SoilInterface|WastewaterSludgeInterface|WaterInterface	env_medium	replace_attribute	required			true
SoilInterface|WaterInterface	experimental_factor	overwrite_examples	examples			time series design [EFO:0001779]
SoilInterface|WaterInterface	experimental_factor	replace_attribute	range			string
SoilInterface	extreme_event	overwrite_examples	examples			1980-05-18, volcanic eruption
SoilInterface	extreme_event	replace_annotation	expected_value			date, string
SoilInterface	extreme_event	replace_attribute	range			string
SoilInterface	extreme_event	add_attribute	todos			This is no longer matching the listed IRI from GSC. When NMDC has its own slots, map this to the MIxS slot
SoilInterface	fire	overwrite_examples	examples			1871-10-10|1871-10-01 to 1871-10-31
SoilInterface	fire	replace_annotation	expected_value			date string
SoilInterface	fire	replace_attribute	pattern			^[12]\d{3}(?:(?:-(?:0[1-9]|1[0-2]))(?:-(?:0[1-9]|[12]\d|3[01]))?)?(\s+to\s+[12]\d{3}(?:(?:-(?:0[1-9]|1[0-2]))(?:-(?:0[1-9]|[12]\d|3[01]))?)?)?$
SoilInterface	fire	replace_attribute	range			string
SoilInterface	fire	add_attribute	todos			"is ""to"" acceptable? Is there a better way to request that be written?|This is no longer matching the listed IRI from GSC. When NMDC has its own slots, map this to the MIxS slot"
SoilInterface	flooding	overwrite_examples	examples			1927-04-15|1927-04 to 1927-05
SoilInterface	flooding	replace_annotation	expected_value			date string
SoilInterface	flooding	replace_attribute	range			string
SoilInterface	flooding	add_attribute	todos			"is ""to"" acceptable? Is there a better way to request that be written?|What about if the ""day"" isn't known? Is this ok?|This is no longer matching the listed IRI from GSC. When NMDC has its own slots, map this to the MIxS slot"
PlantAssociatedInterface|SoilInterface	gaseous_environment	overwrite_examples	examples			CO2; 500ppm above ambient; constant|nitric oxide;0.5 micromole per liter;R2/2018-05-11T14:30/2018-05-11T19:30/P1H30M
PlantAssociatedInterface|SoilInterface	gaseous_environment	replace_attribute	recommended			true
PlantAssociatedInterface|SoilInterface	gaseous_environment	add_attribute	todos			would like to see usage examples for this slot. Requiring micromole/L seems too limiting and doesn't match expected_value value|did I do this right? keep the example that's provided and add another? so as to not override
AirInterface|BiofilmInterface|BuiltEnvInterface|HcrCoresInterface|HcrFluidsSwabsInterface|HostAssociatedInterface|MiscEnvsInterface|PlantAssociatedInterface|SedimentInterface|SoilInterface|WastewaterSludgeInterface|WaterInterface	geo_loc_name	replace_attribute	description			The geographical origin of the sample as defined by the country or sea name followed by specific region name.
AirInterface|BiofilmInterface|BuiltEnvInterface|HcrCoresInterface|HcrFluidsSwabsInterface|HostAssociatedInterface|MiscEnvsInterface|PlantAssociatedInterface|SedimentInterface|SoilInterface|WastewaterSludgeInterface|WaterInterface	geo_loc_name	replace_attribute	required			true
AirInterface|BiofilmInterface|BuiltEnvInterface|HcrCoresInterface|HcrFluidsSwabsInterface|HostAssociatedInterface|MiscEnvsInterface|PlantAssociatedInterface|SedimentInterface|SoilInterface|WastewaterSludgeInterface	geo_loc_name	replace_attribute	string_serialization			{text}: {text}, {text}
PlantAssociatedInterface|SoilInterface	growth_facil	replace_attribute	description			Type of facility/location where the sample was harvested; controlled vocabulary: growth chamber, open top chamber, glasshouse, experimental garden, field.
PlantAssociatedInterface|SoilInterface	growth_facil	add_attribute	notes			Removed from description: Alternatively use Crop Ontology (CO) terms
PlantAssociatedInterface|SoilInterface	growth_facil	replace_attribute	range			GrowthFacilEnum
PlantAssociatedInterface|SoilInterface	growth_facil	overwrite_examples	examples			growth_chamber
PlantAssociatedInterface|SoilInterface	growth_facil	replace_attribute	required			true
SoilInterface	heavy_metals	replace_attribute	description			Heavy metals present in the sample and their concentrations.
SoilInterface	heavy_metals	add_attribute	notes			Changed to multi-valued. In MIxS, you add another column to denote multiple heavy metals. We don't have that ability in the submission portal.
SoilInterface	heavy_metals	replace_attribute	title			heavy metals/ extreme unusual properties
SoilInterface	heavy_metals	add_attribute	todos			This is no longer matching the listed IRI from GSC. When NMDC has its own slots, map this to the MIxS slot|Example & validation. Can we make rules that 27% & 27 % & 0.27 will validate?|I think it's weird the way GSC writes the title. I recommend this change. Thoughts? I would argue this isn't an extreme unusual property. It's just a biogeochemical measurement.
SoilInterface	heavy_metals_meth	overwrite_examples	examples			https://doi.org/10.3390/ijms9040434|mercury https://doi.org/10.1007/BF01056090; chromium https://doi.org/10.1007/s00216-006-0322-8
SoilInterface	heavy_metals_meth	replace_attribute	title			heavy metals method/ extreme unusual properties
SoilInterface	heavy_metals_meth	add_attribute	todos			This is no longer matching the listed IRI from GSC. When NMDC has its own slots, map this to the MIxS slot
AirInterface|BiofilmInterface|BuiltEnvInterface|HcrCoresInterface|HcrFluidsSwabsInterface|HostAssociatedInterface|MiscEnvsInterface|PlantAssociatedInterface|SedimentInterface|WastewaterSludgeInterface	horizon_meth	replace_attribute	title			horizon method
PlantAssociatedInterface|SoilInterface	humidity_regm	replace_attribute	recommended			true
SoilInterface	infiltrations	overwrite_examples	examples			00:01:32;00:00:53
SoilInterface	infiltrations	replace_attribute	multivalued			FALSE
SoilInterface	infiltrations	replace_attribute	pattern			^(?:(?:[0-9]|[1-9][0-9]|9[0-9]|0[0-9]|0[0-5][0-9]):[0-5][0-9]:[0-5][0-9])(?:;(?:[0-9]|[1-9][0-9]|9[0-9]|0[0-9]|0[0-5][0-9]):[0-5][0-9]:[0-5][0-9])*$
AirInterface|BiofilmInterface|BuiltEnvInterface|HcrCoresInterface|HcrFluidsSwabsInterface|HostAssociatedInterface|MiscEnvsInterface|PlantAssociatedInterface|SedimentInterface|SoilInterface|WastewaterSludgeInterface	lat_lon	replace_attribute	range			string
AirInterface|BiofilmInterface|BuiltEnvInterface|HcrCoresInterface|HcrFluidsSwabsInterface|HostAssociatedInterface|MiscEnvsInterface|PlantAssociatedInterface|SedimentInterface|SoilInterface|WastewaterSludgeInterface	lat_lon	replace_attribute	required			true
AirInterface|BiofilmInterface|BuiltEnvInterface|HcrCoresInterface|HcrFluidsSwabsInterface|HostAssociatedInterface|MiscEnvsInterface|PlantAssociatedInterface|SedimentInterface|SoilInterface|WastewaterSludgeInterface	lat_lon	replace_attribute	string_serialization			{lat lon}
PlantAssociatedInterface|SoilInterface	light_regm	replace_attribute	recommended			true
SoilInterface|WaterInterface	organism_count	replace_attribute	pattern			^(\S+.*\S+;[-+]?[0-9]*\.?[0-9]+([eE][-+]?[0-9]+)? \S+.*\S+;(qPCR|ATP|MPN|other)\|)*(\S+.*\S+;[-+]?[0-9]*\.?[0-9]+([eE][-+]?[0-9]+)? \S+.*\S+;(qPCR|ATP|MPN|other))$
SoilInterface|WaterInterface	organism_count	replace_attribute	range			string
BiofilmInterface|HcrCoresInterface|HcrFluidsSwabsInterface|MiscEnvsInterface|SedimentInterface|SoilInterface|WastewaterSludgeInterface	ph	replace_attribute	description			pH measurement of the sample, or liquid portion of sample, or aqueous phase of the fluid
BiofilmInterface|HcrCoresInterface|HcrFluidsSwabsInterface|MiscEnvsInterface|SedimentInterface|SoilInterface|WastewaterSludgeInterface	ph	replace_attribute	maximum_value			14
BiofilmInterface|HcrCoresInterface|HcrFluidsSwabsInterface|MiscEnvsInterface|SedimentInterface|SoilInterface|WastewaterSludgeInterface	ph	replace_attribute	minimum_value		expects int?!	0
BiofilmInterface|HcrCoresInterface|HcrFluidsSwabsInterface|MiscEnvsInterface|SedimentInterface|SoilInterface|WastewaterSludgeInterface	ph	add_attribute	notes			Use modified term
BiofilmInterface|HcrCoresInterface|HcrFluidsSwabsInterface|MiscEnvsInterface|SedimentInterface|SoilInterface|WastewaterSludgeInterface	ph	replace_attribute	range			float
BiofilmInterface|HcrCoresInterface|HcrFluidsSwabsInterface|MiscEnvsInterface|SedimentInterface|SoilInterface|WastewaterSludgeInterface	ph	replace_attribute	recommended			true
BiofilmInterface|HcrCoresInterface|HcrFluidsSwabsInterface|MiscEnvsInterface|SedimentInterface|SoilInterface|WastewaterSludgeInterface	ph	replace_attribute	string_serialization			{float}
BiofilmInterface|HcrCoresInterface|HcrFluidsSwabsInterface|MiscEnvsInterface|SedimentInterface|SoilInterface|WastewaterSludgeInterface	ph_meth	overwrite_examples	examples			https://www.southernlabware.com/pc9500-benchtop-ph-conductivity-meter-kit-ph-accuracy-2000mv-ph-range-2-000-to-20-000.html?gclid=Cj0KCQiAwJWdBhCYARIsAJc4idCO5vtvbVMf545fcvdROFqa6zjzNSoywNx6K4k9Coo9cCc2pybtvGsaAiR0EALw_wcB|https://doi.org/10.2136/sssabookser5.3.c16
EmslInterface	project_id	replace_attribute	required			true
EmslInterface	project_id	replace_attribute	recommended			false
JgiMgInterface|JgiMgLrInterface	proposal_dna	replace_attribute	required			true
JgiMgInterface|JgiMgLrInterface	proposal_dna	replace_attribute	recommended			false
JgiMtInterface	proposal_rna	replace_attribute	required			true
JgiMtInterface	proposal_rna	replace_attribute	recommended			false
EmslInterface	replicate_number	replace_attribute	recommended			true
JgiMtInterface	rna_absorb1	replace_attribute	recommended			true
JgiMtInterface	rna_absorb2	replace_attribute	recommended			true
JgiMtInterface	rna_concentration	replace_attribute	required			true
JgiMtInterface	rna_concentration	replace_attribute	recommended			false
JgiMtInterface	rna_cont_type	replace_attribute	required			true
JgiMtInterface	rna_cont_type	replace_attribute	recommended			false
JgiMgInterface|JgiMgLrInterface	dna_cont_well	replace_attribute	recommended			true
JgiMtInterface	rna_cont_well	replace_attribute	recommended			true
JgiMtInterface	rna_container_id	replace_attribute	required			true
JgiMtInterface	rna_container_id	replace_attribute	recommended			false
JgiMtInterface	rna_isolate_meth	replace_attribute	required			true
JgiMtInterface	rna_isolate_meth	replace_attribute	recommended			false
JgiMtInterface	rna_project_contact	replace_attribute	required			true
JgiMtInterface	rna_project_contact	replace_attribute	recommended			false
JgiMtInterface	rna_samp_id	replace_attribute	required			true
JgiMtInterface	rna_samp_id	replace_attribute	recommended			false
JgiMtInterface	rna_sample_format	replace_attribute	required			true
JgiMtInterface	rna_sample_format	replace_attribute	recommended			false
JgiMtInterface	rna_sample_name	replace_attribute	required			true
JgiMtInterface	rna_sample_name	replace_attribute	recommended			false
JgiMtInterface	rna_sample_name	replace_attribute	pattern			^[_a-zA-Z0-9-]*$
JgiMtInterface	rna_seq_project	replace_attribute	required			true
JgiMtInterface	rna_seq_project	replace_attribute	recommended			false
JgiMtInterface	rna_seq_project_name	replace_attribute	required			true
JgiMtInterface	rna_seq_project_name	replace_attribute	recommended			false
JgiMtInterface	rna_seq_project_pi	replace_attribute	required			true
JgiMtInterface	rna_seq_project_pi	replace_attribute	recommended			false
JgiMtInterface	rna_volume	replace_attribute	required			true
JgiMtInterface	rna_volume	replace_attribute	recommended			false
SoilInterface	salinity_meth	overwrite_examples	examples			https://doi.org/10.1007/978-1-61779-986-0_28
AirInterface|BiofilmInterface|HcrCoresInterface|HcrFluidsSwabsInterface|HostAssociatedInterface|MiscEnvsInterface|PlantAssociatedInterface|SedimentInterface|SoilInterface|WastewaterSludgeInterface	samp_collec_device	add_attribute	comments			Report dimensions and details when applicable
AirInterface|BiofilmInterface|HcrCoresInterface|HcrFluidsSwabsInterface|HostAssociatedInterface|MiscEnvsInterface|PlantAssociatedInterface|SedimentInterface|SoilInterface|WastewaterSludgeInterface	samp_collec_device	replace_attribute	recommended			true
AirInterface|BiofilmInterface|HcrCoresInterface|HcrFluidsSwabsInterface|HostAssociatedInterface|MiscEnvsInterface|PlantAssociatedInterface|SedimentInterface|SoilInterface|WastewaterSludgeInterface	samp_collec_method	add_attribute	comments			This can be a citation or description
AirInterface|BiofilmInterface|HcrCoresInterface|HcrFluidsSwabsInterface|HostAssociatedInterface|MiscEnvsInterface|PlantAssociatedInterface|SedimentInterface|SoilInterface|WastewaterSludgeInterface|WaterInterface	samp_mat_process	overwrite_examples	examples			filtering of seawater|storing samples in ethanol
AirInterface|BiofilmInterface|HcrCoresInterface|HcrFluidsSwabsInterface|HostAssociatedInterface|MiscEnvsInterface|PlantAssociatedInterface|SedimentInterface|SoilInterface|WastewaterSludgeInterface|WaterInterface	samp_mat_process	replace_attribute	range			string
DhMultiviewCommonColumnsMixin	samp_name	add_attribute	comments			It can have any format, but we suggest that you make it concise, unique and consistent within your lab, and as informative as possible.
DhMultiviewCommonColumnsMixin	samp_name	replace_attribute	description			A local identifier or name that for the material sample collected. Refers to the original material collected or to any derived sub-samples.
DhMultiviewCommonColumnsMixin	samp_name	overwrite_examples	examples			Rock core CB1178(5-6) from NSW
DhMultiviewCommonColumnsMixin	samp_name	replace_attribute	identifier			true
DhMultiviewCommonColumnsMixin	samp_name	replace_attribute	required			true
AirInterface|BiofilmInterface|HcrCoresInterface|HcrFluidsSwabsInterface|HostAssociatedInterface|MiscEnvsInterface|PlantAssociatedInterface|SedimentInterface|SoilInterface|WastewaterSludgeInterface	samp_size	add_attribute	comments			This refers to the TOTAL amount of sample collected from the experiment. NOT the amount sent to each institution or collected for a specific analysis.
AirInterface|BiofilmInterface|HcrCoresInterface|HcrFluidsSwabsInterface|HostAssociatedInterface|MiscEnvsInterface|PlantAssociatedInterface|SedimentInterface|SoilInterface|WastewaterSludgeInterface	samp_size	overwrite_examples	examples			5 grams|10 mL
AirInterface|BiofilmInterface|HcrCoresInterface|HcrFluidsSwabsInterface|HostAssociatedInterface|MiscEnvsInterface|PlantAssociatedInterface|SedimentInterface|SoilInterface|WastewaterSludgeInterface	samp_size	replace_attribute	range			string
AirInterface|BiofilmInterface|HcrCoresInterface|HcrFluidsSwabsInterface|HostAssociatedInterface|MiscEnvsInterface|PlantAssociatedInterface|SedimentInterface|SoilInterface|WastewaterSludgeInterface	samp_size	replace_attribute	string_serialization			{float} {unit}
AirInterface|BiofilmInterface|HcrCoresInterface|HcrFluidsSwabsInterface|HostAssociatedInterface|MiscEnvsInterface|PlantAssociatedInterface|SedimentInterface|SoilInterface|WastewaterSludgeInterface	samp_store_temp	replace_attribute	description			Temperature at which the sample was stored (degrees are assumed)
AirInterface|BiofilmInterface|HcrCoresInterface|HcrFluidsSwabsInterface|HostAssociatedInterface|MiscEnvsInterface|PlantAssociatedInterface|SedimentInterface|SoilInterface|WastewaterSludgeInterface	samp_store_temp	overwrite_examples	examples			-80 Celsius
AirInterface|BiofilmInterface|HcrCoresInterface|HcrFluidsSwabsInterface|HostAssociatedInterface|MiscEnvsInterface|PlantAssociatedInterface|SedimentInterface|SoilInterface|WastewaterSludgeInterface	samp_store_temp	replace_attribute	required			true
AirInterface|BiofilmInterface|BuiltEnvInterface|HcrCoresInterface|HcrFluidsSwabsInterface|HostAssociatedInterface|MiscEnvsInterface|PlantAssociatedInterface|SedimentInterface|SoilInterface|WastewaterSludgeInterface|WaterInterface	sample_link	add_attribute	notes			"also tempted to include SampIdNewTermsMixin but if len(slot_usage.keys()) > 1 and ""placeholder"" in slot_usage.keys():AttributeError: 'list' object has no attribute 'keys'"
AirInterface|BiofilmInterface|BuiltEnvInterface|HcrCoresInterface|HcrFluidsSwabsInterface|HostAssociatedInterface|MiscEnvsInterface|PlantAssociatedInterface|SedimentInterface|SoilInterface|WastewaterSludgeInterface|WaterInterface	sample_link	replace_attribute	range			string
EmslInterface	sample_shipped	replace_attribute	required			true
EmslInterface	sample_shipped	replace_attribute	recommended			false
EmslInterface	sample_type	replace_attribute	required			true
EmslInterface	sample_type	replace_attribute	recommended			false
SoilInterface	season_precpt	overwrite_examples	examples			0.4 inch|10.16 mm
SoilInterface	season_precpt	add_attribute	notes			mean and average are the same thing, but it seems like bad practice to not be consistent. Changed mean to average
SoilInterface	season_precpt	replace_attribute	title			average seasonal precipitation
SoilInterface	season_precpt	add_attribute	todos			This is no longer matching the listed IRI from GSC. When NMDC has its own slots, map this to the MIxS slot|check validation & examples. always mm? so value only? Or value + unit
SoilInterface	sieving	overwrite_examples	examples			combined 2 cores|4mm sieved|4 mm sieved and homogenized|50 g| 5 cores|2 mm sieved
SoilInterface	sieving	replace_attribute	recommended			true
SoilInterface	sieving	add_attribute	todos			check validation and examples
SoilInterface	size_frac_low	replace_attribute	recommended			false
SoilInterface	size_frac_up	replace_attribute	recommended			false
SoilInterface	slope_aspect	replace_attribute	description			The direction a slope faces. While looking down a slope use a compass to record the direction you are facing (direction or degrees). - This measure provides an indication of sun and wind exposure that will influence soil temperature and evapotranspiration.
SoilInterface	slope_aspect	overwrite_examples	examples			35
SoilInterface	slope_aspect	add_attribute	todos			This is no longer matching the listed IRI from GSC. When NMDC has its own slots, map this to the MIxS slot
SoilInterface	slope_gradient	overwrite_examples	examples			10%|10 %|0.1
SoilInterface	slope_gradient	add_attribute	todos			Slope is a percent. How does the validation work? Check to correct examples
DhMultiviewCommonColumnsMixin	source_mat_id	add_attribute	comments			Identifiers must be prefixed. Possible FAIR prefixes are IGSNs (http://www.geosamples.org/getigsn), NCBI biosample accession numbers, ARK identifiers (https://arks.org/). These IDs enable linking to derived analytes and subsamples. If you have not assigned FAIR identifiers to your samples, you can generate UUIDs (https://www.uuidgenerator.net/).
DhMultiviewCommonColumnsMixin	source_mat_id	replace_attribute	description			A globally unique identifier assigned to the biological sample.
DhMultiviewCommonColumnsMixin	source_mat_id	overwrite_examples	examples			IGSN:AU1243|UUID:24f1467a-40f4-11ed-b878-0242ac120002
DhMultiviewCommonColumnsMixin	source_mat_id	add_attribute	notes			The source material IS the Globally Unique ID
DhMultiviewCommonColumnsMixin	source_mat_id	replace_attribute	string_serialization			{text}:{text}
DhMultiviewCommonColumnsMixin	source_mat_id	add_attribute	todos			Currently, the comments say to use UUIDs. However, if we implement assigning NMDC identifiers with the minter we dont need to require a GUID. It can be an optional field to fill out only if they already have a resolvable ID.
SoilInterface	specific_ecosystem	replace_attribute	range			SpecificEcosystemForSoilEnum
AirInterface|BiofilmInterface|BuiltEnvInterface|HcrCoresInterface|HcrFluidsSwabsInterface|HostAssociatedInterface|MiscEnvsInterface|PlantAssociatedInterface|SedimentInterface|WastewaterSludgeInterface	specific_ecosystem	replace_attribute	range			SpecificEcosystemEnum
AirInterface|BiofilmInterface|BuiltEnvInterface|HcrCoresInterface|HcrFluidsSwabsInterface|HostAssociatedInterface|MiscEnvsInterface|PlantAssociatedInterface|SedimentInterface|SoilInterface|WastewaterSludgeInterface|WaterInterface	specific_ecosystem	replace_attribute	recommended			true
SoilInterface	store_cond	replace_attribute	description			Explain how the soil sample is stored (fresh/frozen/other).
SoilInterface	store_cond	replace_attribute	range			StoreCondEnum
SoilInterface	store_cond	replace_attribute	required			true
EmslInterface	technical_reps	replace_attribute	recommended			true
BiofilmInterface|SedimentInterface|SoilInterface	tot_carb	overwrite_examples	examples			1 ug/L
BiofilmInterface|SedimentInterface|SoilInterface	tot_carb	add_attribute	todos			is this inorganic and organic? both? could use some clarification.|ug/L doesn't seem like the right units. Should check this slots usage in databases and re-evaluate. I couldn't find any references that provided this data in this format
SoilInterface	tot_nitro_cont_meth	overwrite_examples	examples			https://doi.org/10.2134/agronmonogr9.2.c32|https://acsess.onlinelibrary.wiley.com/doi/full/10.2136/sssaj2009.0389?casa_token=bm0pYIUdNMgAAAAA%3AOWVRR0STHaOe-afTcTdxn5m1hM8n2ltM0wY-b1iYpYdD9dhwppk5j3LvC2IO5yhOIvyLVeQz4NZRCZo
BiofilmInterface|SedimentInterface|SoilInterface	tot_nitro_content	overwrite_examples	examples			5 mg N/ L
SoilInterface	tot_org_c_meth	overwrite_examples	examples			https://doi.org/10.1080/07352680902776556
BiofilmInterface|SedimentInterface|SoilInterface	tot_org_carb	overwrite_examples	examples			5 mg N/ L
BiofilmInterface|SedimentInterface|SoilInterface	tot_org_carb	add_attribute	todos			check description. How are they different?
SoilInterface	water_cont_soil_meth	overwrite_examples	examples			J. Nat. Prod. Plant Resour., 2012, 2 (4):500-503|https://dec.alaska.gov/applications/spar/webcalc/definitions.htm
SoilInterface	water_cont_soil_meth	add_attribute	todos			Why is it soil water content method in the name but not the title? Is this slot used in other samples?|Soil water content can be measure MANY ways and often, multiple ways are used in one experiment (gravimetric water content and water holding capacity and water filled pore space, to name a few).|Should this be multi valued? How to we manage and validate this?
BiofilmInterface|SedimentInterface|SoilInterface	water_content	replace_annotation	expected_value			string
BiofilmInterface|SedimentInterface|SoilInterface	water_content	replace_annotation	preferred_unit			gram per gram or cubic centimeter per cubic centimeter
BiofilmInterface|SedimentInterface|SoilInterface	water_content	replace_attribute	string_serialization			{float or pct} {unit}
PlantAssociatedInterface|SoilInterface	watering_regm	overwrite_examples	examples			1 liter;R2/2018-05-11T14:30/2018-05-11T19:30/P1H30M|75% water holding capacity; constant
PlantAssociatedInterface|SoilInterface	watering_regm	replace_attribute	recommended			true
AirInterface|BiofilmInterface|BuiltEnvInterface|DhMultiviewCommonColumnsMixin|EmslInterface|HcrCoresInterface|HcrFluidsSwabsInterface|HostAssociatedInterface|JgiMgInterface|JgiMgLrInterface|JgiMtInterface|MiscEnvsInterface|PlantAssociatedInterface|SedimentInterface|SoilInterface|WastewaterSludgeInterface|WaterInterface	oxy_stat_samp	replace_attribute	range			OxyStatSampEnum
