DH pulldown column	DH pulldown option	description	term_id	old SNTC name	MIxS see also	notes
> enum	permissible_value	description	ignore	annotations	see_also	notes
>				inner_key: sntc_name	"internal_separator: ""|"""	"internal_separator: ""|"""
AnalysisTypeEnum	metabolomics	placeholder PV descr				
AnalysisTypeEnum	metagenomics - short read	placeholder PV descr				
AnalysisTypeEnum	metagenomics - long read	placeholder PV descr				
AnalysisTypeEnum	metaproteomics	placeholder PV descr				
AnalysisTypeEnum	metatranscriptomics	placeholder PV descr				
AnalysisTypeEnum	natural organic matter	placeholder PV descr				
AnalysisTypeEnum		placeholder enum descr				
BioticRelationshipEnum	commensalism	placeholder PV descr		samp_biotic_relationship	https://genomicsstandardsconsortium.github.io/mixs/biotic_relationship_enum/	biotic_relationship_enum: free living|parasitism|commensalism|symbiotic|mutualism
BioticRelationshipEnum	free living	placeholder PV descr				
BioticRelationshipEnum	mutualism	placeholder PV descr				
BioticRelationshipEnum	parasitism	placeholder PV descr				
BioticRelationshipEnum	symbiotic	placeholder enum descr				
BioticRelationshipEnum		placeholder enum descr				
JgiContTypeEnum	plate	placeholder PV descr				
JgiContTypeEnum	tube	placeholder PV descr				
JgiContTypeEnum		placeholder enum descr				
DnaSampleFormatEnum	10 mM Tris-HCl	placeholder PV descr				
DnaSampleFormatEnum	DNAStable	placeholder PV descr				
DnaSampleFormatEnum	Ethanol	placeholder PV descr				
DnaSampleFormatEnum	Low EDTA TE	placeholder PV descr				
DnaSampleFormatEnum	MDA reaction buffer	placeholder PV descr				
DnaSampleFormatEnum	PBS	placeholder PV descr				
DnaSampleFormatEnum	Pellet	placeholder PV descr				
DnaSampleFormatEnum	RNAStable	placeholder PV descr				
DnaSampleFormatEnum	TE	placeholder PV descr				
DnaSampleFormatEnum	Water	placeholder PV descr				
DnaSampleFormatEnum		placeholder enum descr				
EcosystemCategoryEnum	Terrestrial	placeholder PV descr			https://github.com/microbiomedata/sheets_and_friends/issues/22	
EcosystemCategoryEnum		placeholder enum descr				
EcosystemEnum	Environmental	placeholder PV descr				
EcosystemEnum		placeholder enum descr				
EcosystemSubtypeEnum	Biocrust	placeholder PV descr				
EcosystemSubtypeEnum	Biofilm	placeholder PV descr				
EcosystemSubtypeEnum	Bulk soil	placeholder PV descr				
EcosystemSubtypeEnum	Clay	placeholder PV descr				
EcosystemSubtypeEnum	Floodplain	placeholder PV descr				
EcosystemSubtypeEnum	Fossil	placeholder PV descr				
EcosystemSubtypeEnum	Glacier	placeholder PV descr				
EcosystemSubtypeEnum	Loam	placeholder PV descr				
EcosystemSubtypeEnum	Mineral horizon	placeholder PV descr				
EcosystemSubtypeEnum	Nature reserve	placeholder PV descr				
EcosystemSubtypeEnum	Organic layer	placeholder PV descr				
EcosystemSubtypeEnum	Paddy field/soil	placeholder PV descr				
EcosystemSubtypeEnum	Pasture	placeholder PV descr				
EcosystemSubtypeEnum	Peat	placeholder PV descr				
EcosystemSubtypeEnum	Ranch	placeholder PV descr				
EcosystemSubtypeEnum	Sand	placeholder PV descr				
EcosystemSubtypeEnum	Silt	placeholder PV descr				
EcosystemSubtypeEnum	Soil crust	placeholder PV descr				
EcosystemSubtypeEnum	Unclassified	placeholder PV descr				
EcosystemSubtypeEnum	Watershed	placeholder PV descr				
EcosystemSubtypeEnum	Wetlands	placeholder PV descr				
EcosystemSubtypeEnum		placeholder enum descr				
EcosystemTypeEnum	Soil	placeholder PV descr				
EcosystemTypeEnum		placeholder enum descr				
EnvPackageEnum	soil	placeholder PV descr				I don't think this is a MIxS term anymore, so it make sense to define it here
EnvPackageEnum		placeholder enum descr				
GrowthFacilEnum	experimental_garden	placeholder PV descr		growth_facility	https://genomicsstandardsconsortium.github.io/mixs/growth_facil/	string range according to MIxS
GrowthFacilEnum	field	placeholder PV descr				
GrowthFacilEnum	field_incubation	placeholder PV descr				
GrowthFacilEnum	glasshouse	placeholder PV descr				
GrowthFacilEnum	greenhouse	placeholder PV descr				
GrowthFacilEnum	growth_chamber	placeholder PV descr				
GrowthFacilEnum	lab_incubation	placeholder PV descr				
GrowthFacilEnum	open_top_chamber	placeholder PV descr				
GrowthFacilEnum	other	placeholder PV descr				
GrowthFacilEnum		placeholder enum descr				
RelToOxygenEnum	aerobe	placeholder PV descr		oxygen_relationship	https://genomicsstandardsconsortium.github.io/mixs/rel_to_oxygen_enum/	
RelToOxygenEnum	anaerobe	placeholder PV descr				
RelToOxygenEnum	facultative	placeholder PV descr				
RelToOxygenEnum	microaerophilic	placeholder PV descr				
RelToOxygenEnum	microanaerobe	placeholder PV descr				
RelToOxygenEnum	obligate aerobe	placeholder PV descr				
RelToOxygenEnum	obligate anaerobe	placeholder PV descr				
RelToOxygenEnum		placeholder enum descr				
RnaSampleFormatEnum	10 mM Tris-HCl	placeholder PV descr				
RnaSampleFormatEnum	DNAStable	placeholder PV descr				
RnaSampleFormatEnum	Ethanol	placeholder PV descr				
RnaSampleFormatEnum	Low EDTA TE	placeholder PV descr				
RnaSampleFormatEnum	MDA reaction buffer	placeholder PV descr				
RnaSampleFormatEnum	PBS	placeholder PV descr				
RnaSampleFormatEnum	Pellet	placeholder PV descr				
RnaSampleFormatEnum	RNAStable	placeholder PV descr				
RnaSampleFormatEnum	TE	placeholder PV descr				
RnaSampleFormatEnum	Water	placeholder PV descr				
RnaSampleFormatEnum		placeholder enum descr				
SampleTypeEnum	soil	placeholder PV descr				
SampleTypeEnum	water_extract_soil	placeholder PV descr				
SampleTypeEnum		placeholder enum descr				
SpecificEcosystemEnum	Agricultural	placeholder PV descr				
SpecificEcosystemEnum	Agricultural land	placeholder PV descr				
SpecificEcosystemEnum	Agricultural soil	placeholder PV descr				
SpecificEcosystemEnum	Alpine	placeholder PV descr				
SpecificEcosystemEnum	Bog	placeholder PV descr				
SpecificEcosystemEnum	Boreal forest	placeholder PV descr				
SpecificEcosystemEnum	Contaminated	placeholder PV descr				
SpecificEcosystemEnum	Desert	placeholder PV descr				
SpecificEcosystemEnum	Farm	placeholder PV descr				
SpecificEcosystemEnum	Forest soil	placeholder PV descr				
SpecificEcosystemEnum	Forest Soil	placeholder PV descr				
SpecificEcosystemEnum	Grasslands	placeholder PV descr				
SpecificEcosystemEnum	Meadow	placeholder PV descr				
SpecificEcosystemEnum	Mine	placeholder PV descr				
SpecificEcosystemEnum	Mine drainage	placeholder PV descr				
SpecificEcosystemEnum	Oil-contaminated	placeholder PV descr				
SpecificEcosystemEnum	Orchard soil	placeholder PV descr				
SpecificEcosystemEnum	Permafrost	placeholder PV descr				
SpecificEcosystemEnum	Riparian soil	placeholder PV descr				
SpecificEcosystemEnum	River	placeholder PV descr				
SpecificEcosystemEnum	Shrubland	placeholder PV descr				
SpecificEcosystemEnum	Tropical rainforest	placeholder PV descr				
SpecificEcosystemEnum	Unclassified	placeholder PV descr				
SpecificEcosystemEnum	Uranium contaminated	placeholder PV descr				
SpecificEcosystemEnum		placeholder enum descr				
StoreCondEnum	fresh	placeholder PV descr		storage_condt		see samp_store_dur, samp_store_loc, samp_store_temp and store_cond (which takes a string range according to mixs-source).
StoreCondEnum	frozen	placeholder PV descr				
StoreCondEnum	lyophilized	placeholder PV descr				
StoreCondEnum	other	placeholder PV descr				
StoreCondEnum		placeholder enum descr				
YesNoEnum	no					
YesNoEnum	yes					
YesNoEnum		replaces DnaDnaseEnum and DnaseRnaEnum				
EnvBroadScaleSoilEnum		placeholder enum descr, DO NOT SORT				
EnvBroadScaleSoilEnum	arid biome [ENVO:01001838]	placeholder PV descr, DO NOT SORT				
EnvBroadScaleSoilEnum	subalpine biome [ENVO:01001837]	placeholder PV descr, DO NOT SORT				
EnvBroadScaleSoilEnum	montane biome [ENVO:01001836]	placeholder PV descr, DO NOT SORT				
EnvBroadScaleSoilEnum	__montane savanna biome [ENVO:01000223]	placeholder PV descr, DO NOT SORT				
EnvBroadScaleSoilEnum	__montane shrubland biome [ENVO:01000216]	placeholder PV descr, DO NOT SORT				
EnvBroadScaleSoilEnum	alpine biome [ENVO:01001835]	placeholder PV descr, DO NOT SORT				
EnvBroadScaleSoilEnum	__alpine tundra biome [ENVO:01001505]	placeholder PV descr, DO NOT SORT				
EnvBroadScaleSoilEnum	subpolar biome [ENVO:01001834]	placeholder PV descr, DO NOT SORT				
EnvBroadScaleSoilEnum	subtropical biome [ENVO:01001832]	placeholder PV descr, DO NOT SORT				
EnvBroadScaleSoilEnum	__mediterranean biome [ENVO:01001833]	placeholder PV descr, DO NOT SORT				
EnvBroadScaleSoilEnum	____mediterranean savanna biome [ENVO:01000229]	placeholder PV descr, DO NOT SORT				
EnvBroadScaleSoilEnum	____mediterranean shrubland biome [ENVO:01000217]	placeholder PV descr, DO NOT SORT				
EnvBroadScaleSoilEnum	____mediterranean woodland biome [ENVO:01000208]	placeholder PV descr, DO NOT SORT				
EnvBroadScaleSoilEnum	__subtropical woodland biome [ENVO:01000222]	placeholder PV descr, DO NOT SORT				
EnvBroadScaleSoilEnum	____mediterranean woodland biome [ENVO:01000208]	placeholder PV descr, DO NOT SORT				
EnvBroadScaleSoilEnum	__subtropical shrubland biome [ENVO:01000213]	placeholder PV descr, DO NOT SORT				
EnvBroadScaleSoilEnum	____mediterranean shrubland biome [ENVO:01000217]	placeholder PV descr, DO NOT SORT				
EnvBroadScaleSoilEnum	__subtropical savanna biome [ENVO:01000187]	placeholder PV descr, DO NOT SORT				
EnvBroadScaleSoilEnum	____mediterranean savanna biome [ENVO:01000229]	placeholder PV descr, DO NOT SORT				
EnvBroadScaleSoilEnum	temperate biome [ENVO:01001831]	placeholder PV descr, DO NOT SORT				
EnvBroadScaleSoilEnum	__temperate woodland biome [ENVO:01000221]	placeholder PV descr, DO NOT SORT				
EnvBroadScaleSoilEnum	__temperate shrubland biome [ENVO:01000215]	placeholder PV descr, DO NOT SORT				
EnvBroadScaleSoilEnum	__temperate savanna biome [ENVO:01000189]	placeholder PV descr, DO NOT SORT				
EnvBroadScaleSoilEnum	tropical biome [ENVO:01001830]	placeholder PV descr, DO NOT SORT				
EnvBroadScaleSoilEnum	__tropical woodland biome [ENVO:01000220]	placeholder PV descr, DO NOT SORT				
EnvBroadScaleSoilEnum	__tropical shrubland biome [ENVO:01000214]	placeholder PV descr, DO NOT SORT				
EnvBroadScaleSoilEnum	__tropical savanna biome [ENVO:01000188]	placeholder PV descr, DO NOT SORT				
EnvBroadScaleSoilEnum	polar biome [ENVO:01000339]	placeholder PV descr, DO NOT SORT				
EnvBroadScaleSoilEnum	terrestrial biome [ENVO:00000446]	placeholder PV descr, DO NOT SORT				
EnvBroadScaleSoilEnum	__anthropogenic terrestrial biome [ENVO:01000219]	placeholder PV descr, DO NOT SORT				
EnvBroadScaleSoilEnum	____dense settlement biome [ENVO:01000248]	placeholder PV descr, DO NOT SORT				
EnvBroadScaleSoilEnum	______urban biome [ENVO:01000249]	placeholder PV descr, DO NOT SORT				
EnvBroadScaleSoilEnum	____rangeland biome [ENVO:01000247]	placeholder PV descr, DO NOT SORT				
EnvBroadScaleSoilEnum	____village biome [ENVO:01000246]	placeholder PV descr, DO NOT SORT				
EnvBroadScaleSoilEnum	__mangrove biome [ENVO:01000181]	placeholder PV descr, DO NOT SORT				
EnvBroadScaleSoilEnum	__tundra biome [ENVO:01000180]	placeholder PV descr, DO NOT SORT				
EnvBroadScaleSoilEnum	____alpine tundra biome [ENVO:01001505]	placeholder PV descr, DO NOT SORT				
EnvBroadScaleSoilEnum	__shrubland biome [ENVO:01000176]	placeholder PV descr, DO NOT SORT				
EnvBroadScaleSoilEnum	____tidal mangrove shrubland [ENVO:01001369]	placeholder PV descr, DO NOT SORT				
EnvBroadScaleSoilEnum	____xeric shrubland biome [ENVO:01000218]	placeholder PV descr, DO NOT SORT				
EnvBroadScaleSoilEnum	____montane shrubland biome [ENVO:01000216]	placeholder PV descr, DO NOT SORT				
EnvBroadScaleSoilEnum	____temperate shrubland biome [ENVO:01000215]	placeholder PV descr, DO NOT SORT				
EnvBroadScaleSoilEnum	____tropical shrubland biome [ENVO:01000214]	placeholder PV descr, DO NOT SORT				
EnvBroadScaleSoilEnum	____subtropical shrubland biome [ENVO:01000213]	placeholder PV descr, DO NOT SORT				
EnvBroadScaleSoilEnum	______mediterranean shrubland biome [ENVO:01000217]	placeholder PV descr, DO NOT SORT				
EnvBroadScaleSoilEnum	__woodland biome [ENVO:01000175]	placeholder PV descr, DO NOT SORT				
EnvBroadScaleSoilEnum	____subtropical woodland biome [ENVO:01000222]	placeholder PV descr, DO NOT SORT				
EnvBroadScaleSoilEnum	______mediterranean woodland biome [ENVO:01000208]	placeholder PV descr, DO NOT SORT				
EnvBroadScaleSoilEnum	____temperate woodland biome [ENVO:01000221]	placeholder PV descr, DO NOT SORT				
EnvBroadScaleSoilEnum	____tropical woodland biome [ENVO:01000220]	placeholder PV descr, DO NOT SORT				
EnvBroadScaleSoilEnum	____savanna biome [ENVO:01000178]	placeholder PV descr, DO NOT SORT				
EnvBroadScaleSoilEnum	______montane savanna biome [ENVO:01000223]	placeholder PV descr, DO NOT SORT				
EnvBroadScaleSoilEnum	______flooded savanna biome [ENVO:01000190]	placeholder PV descr, DO NOT SORT				
EnvBroadScaleSoilEnum	______temperate savanna biome [ENVO:01000189]	placeholder PV descr, DO NOT SORT				
EnvBroadScaleSoilEnum	______tropical savanna biome [ENVO:01000188]	placeholder PV descr, DO NOT SORT				
EnvBroadScaleSoilEnum	______subtropical savanna biome [ENVO:01000187]	placeholder PV descr, DO NOT SORT				
EnvBroadScaleSoilEnum	________mediterranean savanna biome [ENVO:01000229]	placeholder PV descr, DO NOT SORT				
EnvMediumSoilEnum		placeholder enum descr, DO NOT SORT				
EnvMediumSoilEnum	pathogen-suppressive soil [ENVO:03600036]	placeholder PV descr, DO NOT SORT				
EnvMediumSoilEnum	mangrove biome soil [ENVO:02000138]	placeholder PV descr, DO NOT SORT				
EnvMediumSoilEnum	surface soil [ENVO:02000059]	placeholder PV descr, DO NOT SORT				
EnvMediumSoilEnum	frost-susceptible soil [ENVO:01001638]	placeholder PV descr, DO NOT SORT				
EnvMediumSoilEnum	bare soil [ENVO:01001616]	placeholder PV descr, DO NOT SORT				
EnvMediumSoilEnum	frozen soil [ENVO:01001526]	placeholder PV descr, DO NOT SORT				
EnvMediumSoilEnum	__friable-frozen soil [ENVO:01001528]	placeholder PV descr, DO NOT SORT				
EnvMediumSoilEnum	__plastic-frozen soil [ENVO:01001527]	placeholder PV descr, DO NOT SORT				
EnvMediumSoilEnum	__hard-frozen soil [ENVO:01001525]	placeholder PV descr, DO NOT SORT				
EnvMediumSoilEnum	__frozen compost soil [ENVO:00005765]	placeholder PV descr, DO NOT SORT				
EnvMediumSoilEnum	__cryosol [ENVO:00002236]	placeholder PV descr, DO NOT SORT				
EnvMediumSoilEnum	ultisol [ENVO:01001397]	placeholder PV descr, DO NOT SORT				
EnvMediumSoilEnum	__acrisol [ENVO:00002234]	placeholder PV descr, DO NOT SORT				
EnvMediumSoilEnum	acidic soil [ENVO:01001185]	placeholder PV descr, DO NOT SORT				
EnvMediumSoilEnum	bulk soil [ENVO:00005802]	placeholder PV descr, DO NOT SORT				
EnvMediumSoilEnum	red soil [ENVO:00005790]	placeholder PV descr, DO NOT SORT				
EnvMediumSoilEnum	upland soil [ENVO:00005786]	placeholder PV descr, DO NOT SORT				
EnvMediumSoilEnum	__mountain forest soil [ENVO:00005769]	placeholder PV descr, DO NOT SORT				
EnvMediumSoilEnum	__dune soil [ENVO:00002260]	placeholder PV descr, DO NOT SORT				
EnvMediumSoilEnum	ornithogenic soil [ENVO:00005782]	placeholder PV descr, DO NOT SORT				
EnvMediumSoilEnum	heat stressed soil [ENVO:00005781]	placeholder PV descr, DO NOT SORT				
EnvMediumSoilEnum	greenhouse soil [ENVO:00005780]	placeholder PV descr, DO NOT SORT				
EnvMediumSoilEnum	tropical soil [ENVO:00005778]	placeholder PV descr, DO NOT SORT				
EnvMediumSoilEnum	pasture soil [ENVO:00005773]	placeholder PV descr, DO NOT SORT				
EnvMediumSoilEnum	muddy soil [ENVO:00005771]	placeholder PV descr, DO NOT SORT				
EnvMediumSoilEnum	orchid soil [ENVO:00005768]	placeholder PV descr, DO NOT SORT				
EnvMediumSoilEnum	manured soil [ENVO:00005767]	placeholder PV descr, DO NOT SORT				
EnvMediumSoilEnum	limed soil [ENVO:00005766]	placeholder PV descr, DO NOT SORT				
EnvMediumSoilEnum	pond soil [ENVO:00005764]	placeholder PV descr, DO NOT SORT				
EnvMediumSoilEnum	meadow soil [ENVO:00005761]	placeholder PV descr, DO NOT SORT				
EnvMediumSoilEnum	burned soil [ENVO:00005760]	placeholder PV descr, DO NOT SORT				
EnvMediumSoilEnum	lawn soil [ENVO:00005756]	placeholder PV descr, DO NOT SORT				
EnvMediumSoilEnum	field soil [ENVO:00005755]	placeholder PV descr, DO NOT SORT				
EnvMediumSoilEnum	__paddy field soil [ENVO:00005740]	placeholder PV descr, DO NOT SORT				
EnvMediumSoilEnum	____peaty paddy field soil [ENVO:00005776]	placeholder PV descr, DO NOT SORT				
EnvMediumSoilEnum	____alluvial paddy field soil [ENVO:00005759]	placeholder PV descr, DO NOT SORT				
EnvMediumSoilEnum	fertilized soil [ENVO:00005754]	placeholder PV descr, DO NOT SORT				
EnvMediumSoilEnum	sawah soil [ENVO:00005752]	placeholder PV descr, DO NOT SORT				
EnvMediumSoilEnum	jungle soil [ENVO:00005751]	placeholder PV descr, DO NOT SORT				
EnvMediumSoilEnum	grassland soil [ENVO:00005750]	placeholder PV descr, DO NOT SORT				
EnvMediumSoilEnum	__steppe soil [ENVO:00005777]	placeholder PV descr, DO NOT SORT				
EnvMediumSoilEnum	__savanna soil [ENVO:00005746]	placeholder PV descr, DO NOT SORT				
EnvMediumSoilEnum	farm soil [ENVO:00005749]	placeholder PV descr, DO NOT SORT				
EnvMediumSoilEnum	__rubber plantation soil [ENVO:00005788]	placeholder PV descr, DO NOT SORT				
EnvMediumSoilEnum	__orchard soil [ENVO:00005772]	placeholder PV descr, DO NOT SORT				
EnvMediumSoilEnum	dry soil [ENVO:00005748]	placeholder PV descr, DO NOT SORT				
EnvMediumSoilEnum	compost soil [ENVO:00005747]	placeholder PV descr, DO NOT SORT				
EnvMediumSoilEnum	__frozen compost soil [ENVO:00005765]	placeholder PV descr, DO NOT SORT				
EnvMediumSoilEnum	roadside soil [ENVO:00005743]	placeholder PV descr, DO NOT SORT				
EnvMediumSoilEnum	arable soil [ENVO:00005742]	placeholder PV descr, DO NOT SORT				
EnvMediumSoilEnum	alpine soil [ENVO:00005741]	placeholder PV descr, DO NOT SORT				
EnvMediumSoilEnum	alluvial soil [ENVO:00002871]	placeholder PV descr, DO NOT SORT				
EnvMediumSoilEnum	__alluvial paddy field soil [ENVO:00005759]	placeholder PV descr, DO NOT SORT				
EnvMediumSoilEnum	__alluvial swamp soil [ENVO:00005758]	placeholder PV descr, DO NOT SORT				
EnvMediumSoilEnum	technosol [ENVO:00002275]	placeholder PV descr, DO NOT SORT				
EnvMediumSoilEnum	stagnosol [ENVO:00002274]	placeholder PV descr, DO NOT SORT				
EnvMediumSoilEnum	fluvisol [ENVO:00002273]	placeholder PV descr, DO NOT SORT				
EnvMediumSoilEnum	garden soil [ENVO:00002263]	placeholder PV descr, DO NOT SORT				
EnvMediumSoilEnum	__vegetable garden soil [ENVO:00005779]	placeholder PV descr, DO NOT SORT				
EnvMediumSoilEnum	__allotment garden soil [ENVO:00005744]	placeholder PV descr, DO NOT SORT				
EnvMediumSoilEnum	clay soil [ENVO:00002262]	placeholder PV descr, DO NOT SORT				
EnvMediumSoilEnum	forest soil [ENVO:00002261]	placeholder PV descr, DO NOT SORT				
EnvMediumSoilEnum	__eucalyptus forest soil [ENVO:00005787]	placeholder PV descr, DO NOT SORT				
EnvMediumSoilEnum	__spruce forest soil [ENVO:00005784]	placeholder PV descr, DO NOT SORT				
EnvMediumSoilEnum	__leafy wood soil [ENVO:00005783]	placeholder PV descr, DO NOT SORT				
EnvMediumSoilEnum	__beech forest soil [ENVO:00005770]	placeholder PV descr, DO NOT SORT				
EnvMediumSoilEnum	__mountain forest soil [ENVO:00005769]	placeholder PV descr, DO NOT SORT				
EnvMediumSoilEnum	agricultural soil [ENVO:00002259]	placeholder PV descr, DO NOT SORT				
EnvMediumSoilEnum	__bluegrass field soil [ENVO:00005789]	placeholder PV descr, DO NOT SORT				
EnvMediumSoilEnum	__rubber plantation soil [ENVO:00005788]	placeholder PV descr, DO NOT SORT				
EnvMediumSoilEnum	__paddy field soil [ENVO:00005740]	placeholder PV descr, DO NOT SORT				
EnvMediumSoilEnum	____peaty paddy field soil [ENVO:00005776]	placeholder PV descr, DO NOT SORT				
EnvMediumSoilEnum	____alluvial paddy field soil [ENVO:00005759]	placeholder PV descr, DO NOT SORT				
EnvMediumSoilEnum	loam [ENVO:00002258]	placeholder PV descr, DO NOT SORT				
EnvMediumSoilEnum	__clay loam [ENVO:06105277]	placeholder PV descr, DO NOT SORT				
EnvMediumSoilEnum	____silty clay loam [ENVO:06105278]	placeholder PV descr, DO NOT SORT				
EnvMediumSoilEnum	____sandy clay loam [ENVO:06105276]	placeholder PV descr, DO NOT SORT				
EnvMediumSoilEnum	__silty loam [ENVO:06105275]	placeholder PV descr, DO NOT SORT				
EnvMediumSoilEnum	__sandy loam [ENVO:06105274]	placeholder PV descr, DO NOT SORT				
EnvMediumSoilEnum	podzol [ENVO:00002257]	placeholder PV descr, DO NOT SORT				
EnvMediumSoilEnum	regosol [ENVO:00002256]	placeholder PV descr, DO NOT SORT				
EnvMediumSoilEnum	solonetz [ENVO:00002255]	placeholder PV descr, DO NOT SORT				
EnvMediumSoilEnum	vertisol [ENVO:00002254]	placeholder PV descr, DO NOT SORT				
EnvMediumSoilEnum	umbrisol [ENVO:00002253]	placeholder PV descr, DO NOT SORT				
EnvMediumSoilEnum	solonchak [ENVO:00002252]	placeholder PV descr, DO NOT SORT				
EnvMediumSoilEnum	planosol [ENVO:00002251]	placeholder PV descr, DO NOT SORT				
EnvMediumSoilEnum	plinthosol [ENVO:00002250]	placeholder PV descr, DO NOT SORT				
EnvMediumSoilEnum	phaeozem [ENVO:00002249]	placeholder PV descr, DO NOT SORT				
EnvMediumSoilEnum	luvisol [ENVO:00002248]	placeholder PV descr, DO NOT SORT				
EnvMediumSoilEnum	nitisol [ENVO:00002247]	placeholder PV descr, DO NOT SORT				
EnvMediumSoilEnum	ferralsol [ENVO:00002246]	placeholder PV descr, DO NOT SORT				
EnvMediumSoilEnum	gypsisol [ENVO:00002245]	placeholder PV descr, DO NOT SORT				
EnvMediumSoilEnum	gleysol [ENVO:00002244]	placeholder PV descr, DO NOT SORT				
EnvMediumSoilEnum	histosol [ENVO:00002243]	placeholder PV descr, DO NOT SORT				
EnvMediumSoilEnum	__peat soil [ENVO:00005774]	placeholder PV descr, DO NOT SORT				
EnvMediumSoilEnum	lixisol [ENVO:00002242]	placeholder PV descr, DO NOT SORT				
EnvMediumSoilEnum	leptosol [ENVO:00002241]	placeholder PV descr, DO NOT SORT				
EnvMediumSoilEnum	kastanozem [ENVO:00002240]	placeholder PV descr, DO NOT SORT				
EnvMediumSoilEnum	calcisol [ENVO:00002239]	placeholder PV descr, DO NOT SORT				
EnvMediumSoilEnum	durisol [ENVO:00002238]	placeholder PV descr, DO NOT SORT				
EnvMediumSoilEnum	chernozem [ENVO:00002237]	placeholder PV descr, DO NOT SORT				
EnvMediumSoilEnum	cambisol [ENVO:00002235]	placeholder PV descr, DO NOT SORT				
EnvMediumSoilEnum	albeluvisol [ENVO:00002233]	placeholder PV descr, DO NOT SORT				
EnvMediumSoilEnum	andosol [ENVO:00002232]	placeholder PV descr, DO NOT SORT				
EnvMediumSoilEnum	__volcanic soil [ENVO:01001841]	placeholder PV descr, DO NOT SORT				
EnvMediumSoilEnum	alisol [ENVO:00002231]	placeholder PV descr, DO NOT SORT				
EnvMediumSoilEnum	anthrosol [ENVO:00002230]	placeholder PV descr, DO NOT SORT				
EnvMediumSoilEnum	arenosol [ENVO:00002229]	placeholder PV descr, DO NOT SORT				
EnvLocalScaleSoilEnum		placeholder enum descr, DO NOT SORT				
EnvLocalScaleSoilEnum	astronomical body part [ENVO:01000813]	placeholder PV descr, DO NOT SORT				
EnvLocalScaleSoilEnum	__coast [ENVO:01000687]	placeholder PV descr, DO NOT SORT				
EnvLocalScaleSoilEnum	__solid astronomical body part [ENVO:00000191]	placeholder PV descr, DO NOT SORT				
EnvLocalScaleSoilEnum	______landform [ENVO:01001886]	placeholder PV descr, DO NOT SORT				
EnvLocalScaleSoilEnum	______channel [ENVO:03000117]	placeholder PV descr, DO NOT SORT				
EnvLocalScaleSoilEnum	________tunnel [ENVO:00000068]	placeholder PV descr, DO NOT SORT				
EnvLocalScaleSoilEnum	______surface landform [ENVO:01001884]	placeholder PV descr, DO NOT SORT				
EnvLocalScaleSoilEnum	________desert [ENVO:01001357]	placeholder PV descr, DO NOT SORT				
EnvLocalScaleSoilEnum	________outcrop [ENVO:01000302]	placeholder PV descr, DO NOT SORT				
EnvLocalScaleSoilEnum	________boulder field [ENVO:00000537]	placeholder PV descr, DO NOT SORT				
EnvLocalScaleSoilEnum	________landfill [ENVO:00000533]	placeholder PV descr, DO NOT SORT				
EnvLocalScaleSoilEnum	________hummock [ENVO:00000516]	placeholder PV descr, DO NOT SORT				
EnvLocalScaleSoilEnum	________terrace [ENVO:00000508]	placeholder PV descr, DO NOT SORT				
EnvLocalScaleSoilEnum	________peninsula [ENVO:00000305]	placeholder PV descr, DO NOT SORT				
EnvLocalScaleSoilEnum	________shore [ENVO:00000304]	placeholder PV descr, DO NOT SORT				
EnvLocalScaleSoilEnum	__________lake shore [ENVO:00000382]	placeholder PV descr, DO NOT SORT				
EnvLocalScaleSoilEnum	________dry lake [ENVO:00000277]	placeholder PV descr, DO NOT SORT				
EnvLocalScaleSoilEnum	________karst [ENVO:00000175]	placeholder PV descr, DO NOT SORT				
EnvLocalScaleSoilEnum	________isthmus [ENVO:00000174]	placeholder PV descr, DO NOT SORT				
EnvLocalScaleSoilEnum	________badland [ENVO:00000127]	placeholder PV descr, DO NOT SORT				
EnvLocalScaleSoilEnum	________volcanic feature [ENVO:00000094]	placeholder PV descr, DO NOT SORT				
EnvLocalScaleSoilEnum	__________volcanic cone [ENVO:00000398]	placeholder PV descr, DO NOT SORT				
EnvLocalScaleSoilEnum	____________tuff cone [ENVO:01000664]	placeholder PV descr, DO NOT SORT				
EnvLocalScaleSoilEnum	________beach [ENVO:00000091]	placeholder PV descr, DO NOT SORT				
EnvLocalScaleSoilEnum	________plain [ENVO:00000086]	placeholder PV descr, DO NOT SORT				
EnvLocalScaleSoilEnum	________cave [ENVO:00000067]	placeholder PV descr, DO NOT SORT				
EnvLocalScaleSoilEnum	________spring [ENVO:00000027]	placeholder PV descr, DO NOT SORT				
EnvLocalScaleSoilEnum	______slope [ENVO:00002000]	placeholder PV descr, DO NOT SORT				
EnvLocalScaleSoilEnum	________talus slope [ENVO:01000334]	placeholder PV descr, DO NOT SORT				
EnvLocalScaleSoilEnum	________hillside [ENVO:01000333]	placeholder PV descr, DO NOT SORT				
EnvLocalScaleSoilEnum	________levee [ENVO:00000178]	placeholder PV descr, DO NOT SORT				
EnvLocalScaleSoilEnum	________bank [ENVO:00000141]	placeholder PV descr, DO NOT SORT				
EnvLocalScaleSoilEnum	________cliff [ENVO:00000087]	placeholder PV descr, DO NOT SORT				
EnvLocalScaleSoilEnum	______peak [ENVO:00000480]	placeholder PV descr, DO NOT SORT				
EnvLocalScaleSoilEnum	______depressed landform [ENVO:00000309]	placeholder PV descr, DO NOT SORT				
EnvLocalScaleSoilEnum	________geographic basin [ENVO:03000015]	placeholder PV descr, DO NOT SORT				
EnvLocalScaleSoilEnum	__________valley [ENVO:00000100]	placeholder PV descr, DO NOT SORT				
EnvLocalScaleSoilEnum	____________canyon [ENVO:00000169]	placeholder PV descr, DO NOT SORT				
EnvLocalScaleSoilEnum	____________dry valley [ENVO:00000128]	placeholder PV descr, DO NOT SORT				
EnvLocalScaleSoilEnum	____________glacial valley [ENVO:00000248]	placeholder PV descr, DO NOT SORT				
EnvLocalScaleSoilEnum	________pit [ENVO:01001871]	placeholder PV descr, DO NOT SORT				
EnvLocalScaleSoilEnum	________trench [ENVO:01000649]	placeholder PV descr, DO NOT SORT				
EnvLocalScaleSoilEnum	________swale [ENVO:00000543]	placeholder PV descr, DO NOT SORT				
EnvLocalScaleSoilEnum	________landfill [ENVO:00000533]	placeholder PV descr, DO NOT SORT				
EnvLocalScaleSoilEnum	________crater [ENVO:00000514]	placeholder PV descr, DO NOT SORT				
EnvLocalScaleSoilEnum	__________impact crater [ENVO:01001071]	placeholder PV descr, DO NOT SORT				
EnvLocalScaleSoilEnum	__________volcanic crater [ENVO:00000246]	placeholder PV descr, DO NOT SORT				
EnvLocalScaleSoilEnum	__________caldera [ENVO:00000096]	placeholder PV descr, DO NOT SORT				
EnvLocalScaleSoilEnum	________channel of a watercourse [ENVO:00000395]	placeholder PV descr, DO NOT SORT				
EnvLocalScaleSoilEnum	__________strait [ENVO:00000394]	placeholder PV descr, DO NOT SORT				
EnvLocalScaleSoilEnum	__________dry stream [ENVO:00000278]	placeholder PV descr, DO NOT SORT				
EnvLocalScaleSoilEnum	____________dry river [ENVO:01000995]	placeholder PV descr, DO NOT SORT				
EnvLocalScaleSoilEnum	__________artificial channel [ENVO:00000121]	placeholder PV descr, DO NOT SORT				
EnvLocalScaleSoilEnum	____________plumbing drain [ENVO:01000924]	placeholder PV descr, DO NOT SORT				
EnvLocalScaleSoilEnum	____________ditch [ENVO:00000037]	placeholder PV descr, DO NOT SORT				
EnvLocalScaleSoilEnum	________dry lake [ENVO:00000277]	placeholder PV descr, DO NOT SORT				
EnvLocalScaleSoilEnum	________sinkhole [ENVO:00000195]	placeholder PV descr, DO NOT SORT				
EnvLocalScaleSoilEnum	______elevated landform [ENVO:00000176]	placeholder PV descr, DO NOT SORT				
EnvLocalScaleSoilEnum	________flattened elevation [ENVO:01001491]	placeholder PV descr, DO NOT SORT				
EnvLocalScaleSoilEnum	__________butte [ENVO:00000287]	placeholder PV descr, DO NOT SORT				
EnvLocalScaleSoilEnum	__________plateau [ENVO:00000182]	placeholder PV descr, DO NOT SORT				
EnvLocalScaleSoilEnum	__________mesa [ENVO:00000179]	placeholder PV descr, DO NOT SORT				
EnvLocalScaleSoilEnum	________boulder field [ENVO:00000537]	placeholder PV descr, DO NOT SORT				
EnvLocalScaleSoilEnum	________hummock [ENVO:00000516]	placeholder PV descr, DO NOT SORT				
EnvLocalScaleSoilEnum	________pinnacle [ENVO:00000481]	placeholder PV descr, DO NOT SORT				
EnvLocalScaleSoilEnum	________mount [ENVO:00000477]	placeholder PV descr, DO NOT SORT				
EnvLocalScaleSoilEnum	__________hill [ENVO:00000083]	placeholder PV descr, DO NOT SORT				
EnvLocalScaleSoilEnum	____________dune [ENVO:00000170]	placeholder PV descr, DO NOT SORT				
EnvLocalScaleSoilEnum	__________mountain [ENVO:00000081]	placeholder PV descr, DO NOT SORT				
EnvLocalScaleSoilEnum	________ridge [ENVO:00000283]	placeholder PV descr, DO NOT SORT				
EnvLocalScaleSoilEnum	____part of a landmass [ENVO:01001781]	placeholder PV descr, DO NOT SORT				
EnvLocalScaleSoilEnum	______peninsula [ENVO:00000305]	placeholder PV descr, DO NOT SORT				
EnvLocalScaleSoilEnum	____geological fracture [ENVO:01000667]	placeholder PV descr, DO NOT SORT				
EnvLocalScaleSoilEnum	______vein [ENVO:01000670]	placeholder PV descr, DO NOT SORT				
EnvLocalScaleSoilEnum	______geological fault [ENVO:01000668]	placeholder PV descr, DO NOT SORT				
EnvLocalScaleSoilEnum	________active geological fault [ENVO:01000669]	placeholder PV descr, DO NOT SORT				
EnvLocalScaleSoilEnum	______volcano [ENVO:00000247]	placeholder PV descr, DO NOT SORT				
EnvLocalScaleSoilEnum	__field [ENVO:01000352]	placeholder PV descr, DO NOT SORT				
EnvLocalScaleSoilEnum	____lava field [ENVO:01000437]	placeholder PV descr, DO NOT SORT				
EnvLocalScaleSoilEnum	____gravel field [ENVO:00000548]	placeholder PV descr, DO NOT SORT				
EnvLocalScaleSoilEnum	____woodland clearing [ENVO:00000444]	placeholder PV descr, DO NOT SORT				
EnvLocalScaleSoilEnum	____agricultural field [ENVO:00000114]	placeholder PV descr, DO NOT SORT				
EnvLocalScaleSoilEnum	____snow field [ENVO:00000146]	placeholder PV descr, DO NOT SORT				
EnvLocalScaleSoilEnum	__geographic feature [ENVO:00000000]	placeholder PV descr, DO NOT SORT				
EnvLocalScaleSoilEnum	____hydrographic feature [ENVO:00000012]	placeholder PV descr, DO NOT SORT				
EnvLocalScaleSoilEnum	______reef [ENVO:01001899]	placeholder PV descr, DO NOT SORT				
EnvLocalScaleSoilEnum	______inlet [ENVO:00000475]	placeholder PV descr, DO NOT SORT				
EnvLocalScaleSoilEnum	______bar [ENVO:00000167]	placeholder PV descr, DO NOT SORT				
EnvLocalScaleSoilEnum	________tombolo [ENVO:00000420]	placeholder PV descr, DO NOT SORT				
EnvLocalScaleSoilEnum	____anthropogenic geographic feature [ENVO:00000002]	placeholder PV descr, DO NOT SORT				
EnvLocalScaleSoilEnum	______yard [ENVO:03600053]	placeholder PV descr, DO NOT SORT				
EnvLocalScaleSoilEnum	________residential backyard [ENVO:03600033]	placeholder PV descr, DO NOT SORT				
EnvLocalScaleSoilEnum	______market [ENVO:01000987]	placeholder PV descr, DO NOT SORT				
EnvLocalScaleSoilEnum	______park [ENVO:00000562]	placeholder PV descr, DO NOT SORT				
EnvLocalScaleSoilEnum	______well [ENVO:00000026]	placeholder PV descr, DO NOT SORT				
EnvLocalScaleSoilEnum	______garden [ENVO:00000011]	placeholder PV descr, DO NOT SORT				
OxyStatSampEnum		placeholder enum descr, DO NOT SORT				
OxyStatSampEnum	aerobic	placeholder PV descr, DO NOT SORT				
OxyStatSampEnum	anaerobic	placeholder PV descr, DO NOT SORT				
OxyStatSampEnum	other	placeholder PV descr, DO NOT SORT				
