curie	label	envo_native	obsolete	legacy_pv	abp	env_sys	biome	terrestrial_biome	aquatic_biome	env_mat	nmdc_scoped_count	gold_scoped_count	ncbi_scoped_count
ENVO:2018051509		False	False	False	False	False	False	False	False	False			
CHEBI:28938	ammonium	False	False	False	False	False	False	False	False	False			1.0
ENVO:01000817	biosphere	True	False	False	True	False	False	False	False	False			21.0
ENVO:01000368	anchialine pool	True	False	False	True	False	False	False	False	False			
ENVO:00000029	watercourse	True	False	False	True	False	False	False	False	False			2.0
ENVO:01000464	non-hydraulic cement	True	False	False	False	False	False	False	False	True			
ENVO:01000654	undersea trough	True	False	False	True	False	False	False	False	False			
ENVO:03000033	marine sediment	True	False	False	False	False	False	False	False	True			13.0
ENVO:01000060	particulate environmental material	True	False	False	False	False	False	False	False	True			
ENVO:01000663	pumice	True	False	False	False	False	False	False	False	True			
ENVO:03600071	cyanobacterial bloom	True	False	False	True	False	False	False	False	False			1.0
BFO:0000029	site	False	False	False	False	False	False	False	False	False			16.0
ENVO:01000362	inflationary cave	True	False	False	True	False	False	False	False	False			
ENVO:01000148	marine coral reef buttress zone	True	False	False	True	False	False	False	False	False			
ENVO:01000358	acidic water	True	False	False	False	False	False	False	False	True			
ENVO:01000061	marine wind mixed layer	True	False	False	True	False	False	False	False	False			
ENVO:00000454	turlough	True	False	False	True	False	False	False	False	False			1.0
ENVO:00000111	forested area	True	False	False	True	False	False	False	False	False			126.0
ENVO:01000357	alkaline water	True	False	False	False	False	False	False	False	True			
ENVO:00000045	estuary	True	False	False	True	False	False	False	False	False			1675.0
ENVO:01000602	truck	True	False	False	False	False	False	False	False	False			
ENVO:2017111512		False	False	False	False	False	False	False	False	False			
ENVO:01000623	boiling	True	False	False	False	False	False	False	False	False			
ENVO:01000691	avalanche	True	False	False	False	False	False	False	False	False			
ENVO:02000091	coal	True	False	False	False	False	False	False	False	True			10.0
ENVO:01000188	tropical savanna biome	True	False	False	True	True	True	True	False	False			
ENVO:01000634	volcanic eruption	True	False	False	False	False	False	False	False	False			
ENVO:01000489	concrete building floor	True	False	False	True	False	False	False	False	False			
ENVO:01000026	marine bathyal zone biome	True	False	False	True	True	True	False	True	False			
ENVO:01000214	tropical shrubland biome	True	False	False	True	True	True	True	False	False			3.0
ENVO:01000394	tropical freshwater swamp forest	True	False	False	True	True	False	False	False	False			
ENVO:01000275	structural basin	True	False	False	True	False	False	False	False	False			
ENVO:01000473	thatch	True	False	False	False	False	False	False	False	True			
ENVO:01000476	plaster	True	False	False	False	False	False	False	False	True			
ENVO:01000397	temperate broadleaf evergreen forest	True	False	False	True	True	False	False	False	False			
ENVO:01001230	tropical marginal sea biome	True	False	False	True	True	True	False	True	False			
ENVO:01000496	straw exterior wall	True	False	False	True	False	False	False	False	False			
ENVO:01000333	hillside	True	False	False	True	False	False	False	False	False			
ENVO:01000415	fine respirable suspended particulate matter	True	False	False	False	False	False	False	False	True			
ENVO:01000586	chair	True	False	False	False	False	False	False	False	False			
ENVO:2018051501		False	False	False	False	False	False	False	False	False			
ENVO:01000079	marine lysocline	True	False	False	False	False	False	False	False	False			
ENVO:00003982	travertine	True	False	False	False	False	False	False	False	True			8.0
ENVO:2017111508		False	False	False	False	False	False	False	False	False			
ENVO:01000218	xeric shrubland biome	True	False	False	True	True	True	True	False	False			
ENVO:01000162	organ	True	False	False	False	False	False	False	False	False			
NCBITaxon:2759	Eukaryota	False	False	False	False	False	False	False	False	False			7.0
PATO:0045091	north	False	False	False	False	False	False	False	False	False			65.0
ENVO:01000492	dung building floor	True	False	False	True	False	False	False	False	False			
ENVO:01000604	vehicle	True	False	False	False	False	False	False	False	False			
NCBITaxon:2	Bacteria	False	False	False	False	False	False	False	False	False			38.0
ENVO:01000530	ventilated improved pit latrine	True	False	False	False	False	False	False	False	False			
ENVO:01000253	freshwater river biome	True	False	False	True	True	True	False	True	False	780.0		536.0
ENVO:01000102	cold surface current	True	False	False	True	False	False	False	False	False			
ENVO:01000160	marine pockmark	True	False	False	True	False	False	False	False	False			
ENVO:01000592	bed base	True	False	False	False	False	False	False	False	False			
ENVO:01000168	indeterminate root nodule	True	False	False	False	False	False	False	False	False			
ENVO:01000599	river water	True	False	False	True	False	False	False	False	True			52.0
ENVO:01000106	permanent marine thermocline	True	False	False	True	False	False	False	False	False			
ENVO:01000627	feedlot	True	False	False	False	True	False	False	False	False			
ENVO:0000012		False	False	False	False	False	False	False	False	False			1.0
ENVO:01001798	tropical mixed forest biome	True	False	False	True	True	True	True	False	False			
ENVO:01000577	radio device	True	False	False	False	False	False	False	False	False			
ENVO:01000859	tropical marine upwelling biome	True	False	False	True	True	True	False	True	False			
ENVO:01000545	ionosphere	True	False	False	False	False	False	False	False	False			
ENVO:01000633	ecosystem-wide aerobic respiration	True	False	False	False	False	False	False	False	False			
ENVO:01000250	subpolar coniferous forest biome	True	False	False	True	True	True	True	False	False			342.0
ENVO:01000351	obsolete marine mesoscale eddy	True	True	False	False	False	False	False	False	False			
ENVO:00000025	reservoir	True	False	False	True	False	False	False	False	False			26.0
ENVO:01000583	refrigerator	True	False	False	False	False	False	False	False	False			
ENVO:01000068	marine streamer	True	False	False	True	False	False	False	False	False			
ENVO:2018051503		False	False	False	False	False	False	False	False	False			
ENVO:01000194	montane grassland biome	True	False	False	True	True	True	True	False	False			
ENVO:2017081506		False	False	False	False	False	False	False	False	False			
ENVO:00000099	artificial island	True	False	False	True	False	False	False	False	False			4.0
ENVO:01000224	mediterranean grassland biome	True	False	False	True	True	True	True	False	False			
ENVO:01000022	marine salt marsh biome	True	False	False	True	True	True	False	True	False			190.0
ENVO:01000541	thermosphere	True	False	False	False	False	False	False	False	False			
ENVO:01000056	obsolete estuarine bulk water	True	True	False	False	False	False	False	False	False			
ENVO:01000535	pour-flush pit latrine	True	False	False	False	False	False	False	False	False			
ENVO:01000552	natural gas	True	False	False	False	False	False	False	False	True			
ENVO:01000203	environmental condition	True	False	False	False	False	False	False	False	False			
ENVO:01000057	marine algal bloom	True	False	False	True	False	False	False	False	False			
ENVO:00000485	sea shore	True	False	False	True	False	False	False	False	False			9.0
ENVO:00002149	sea water	True	False	False	False	False	False	False	False	True			1964.0
ENVO:01000680	polluted lake	True	False	False	True	False	False	False	False	False			
ENVO:01000697	mudflow	True	False	False	False	False	False	False	False	False			
ENVO:00000206	marine neritic zone	True	False	False	True	False	False	False	False	False			41.0
ENVO:01000449	wet meadow ecosystem	True	False	False	True	True	False	False	False	False			
ENVO:00000220	archipelago	True	False	False	True	False	False	False	False	False			10.0
ENVO:0400012		False	False	False	False	False	False	False	False	False			69.0
ENVO:01000088	mid-shelf fronts	True	False	False	False	False	False	False	False	False			
ENVO:01000626	drylot	True	False	False	False	True	False	False	False	False			
ENVO:01000242	desert scrubland	True	False	False	True	False	False	False	False	False			
ENVO:01000662	scoria	True	False	False	False	False	False	False	False	True			
ENVO:01000050	marine subtidal rocky reef biome	True	False	False	True	True	True	False	True	False			
ENVO:01000375	tropical marine condition	True	False	False	False	False	False	False	False	False			
ENVO:01000536	factory	True	False	False	True	False	False	False	False	False			
ENVO:00000134	permafrost	True	False	False	False	False	False	False	False	True			16.0
ENVO:00002156	Superfund site	True	False	False	False	False	False	False	False	False			5.0
ENVO:01000241	juniper woodland	True	False	False	True	True	False	False	False	False			
ENVO:01000540	troposphere	True	False	False	False	False	False	False	False	False			
ENVO:00000141	bank	True	False	False	True	False	False	False	False	False			12.0
ENVO:2018051505		False	False	False	False	False	False	False	False	False			
ENVO:01000684	glacial ice thrusting	True	False	False	False	False	False	False	False	False			
ENVO:01000335	understory	True	False	False	False	False	False	False	False	False			
ENVO:01000244	pinyon juniper woodland	True	False	False	True	True	False	False	False	False			
ENVO:01000555	compressed natural gas	True	False	False	False	False	False	False	False	True			
ENVO:01000653	slum	True	False	False	True	True	False	False	False	False			
ENVO:2017111503		False	False	False	False	False	False	False	False	False			
ENVO:01000021	obsolete mangrove biome	True	True	False	False	False	False	False	False	False			
ENVO:00001997	acid mine drainage	True	False	False	True	False	False	False	False	False			27.0
ENVO:01000101	warm surface current	True	False	False	True	False	False	False	False	False			
ENVO:00000057	mangrove swamp	True	False	False	False	True	False	False	False	False		232.0	79.0
ENVO:01000208	mediterranean woodland biome	True	False	False	True	True	True	True	False	False			
ENVO:00000408	volcanic fissure	True	False	False	True	False	False	False	False	False			15.0
ENVO:01000278	pingo scar	True	False	False	True	False	False	False	False	False			
ENVO:01000546	exosphere	True	False	False	False	False	False	False	False	False			
ENVO:01000221	temperate woodland biome	True	False	False	True	True	True	True	False	False			304.0
ENVO:01000409	freshwater littoral zone	True	False	False	True	True	False	False	False	False			
ENVO:00000304	shore	True	False	False	True	False	False	False	False	False			36.0
ENVO:00002123	bioreactor	True	False	False	False	False	False	False	False	False			34.0
ENVO:06105101	plastic	True	False	False	False	False	False	False	False	True			1.0
ENVO:01000141	seal fall	True	False	False	False	False	False	False	False	False			
ENVO:01000086	coastal buoyancy current front	True	False	False	False	False	False	False	False	False			
ENVO:01000672	geological joint	True	False	False	True	False	False	False	False	False			
CHEBI:15379	dioxygen	False	False	False	False	False	False	False	False	False			15.0
RO:0002170	connected to	False	False	False	False	False	False	False	False	False			5.0
ENVO:01000296	dry lake bed	True	False	False	True	False	False	False	False	False			
ENVO:01001816	biomaterial containment unit	True	False	False	False	False	False	False	False	False			14.0
ENVO:01000371	agricultural waste material	True	False	False	False	False	False	False	False	True			
ENVO:01000513	asbestos building roof	True	False	False	True	False	False	False	False	False			
ENVO:01000574	candle	True	False	False	False	False	False	False	False	False			
ENVO:00005792	underground water	True	False	False	False	False	False	False	False	True			67.0
ENVO:00000316	intertidal zone	True	False	False	True	False	False	False	False	False			13.0
ENVO:00002197	saline water aquarium	True	False	False	False	False	False	False	False	False			23.0
ENVO:01000557	liquefied natural gas	True	False	False	False	False	False	False	False	True			
ENVO:01000350	autoclaved sand	True	False	False	False	False	False	False	False	True			
ENVO:00002121	alkaline salt lake	True	False	False	True	False	False	False	False	False			117.0
ENVO:01000200	tropical broadleaf forest biome	True	False	False	True	True	True	True	False	False			
ENVO:01000316	alkaline environment	True	False	False	False	True	False	False	False	False			50.0
ENVO:01000387	tropical deciduous broadleaf forest	True	False	False	True	True	False	False	False	False			
ENVO:00000104	undersea feature	True	False	False	True	False	False	False	False	False			217.0
ENVO:01000140	whale fall	True	False	False	False	False	False	False	False	False			
ENVO:01000466	boundary wall	True	False	False	True	False	False	False	False	False			
ENVO:03600092	artificial pond	True	False	False	True	False	False	False	False	False			2.0
ENVO:2017081508		False	False	False	False	False	False	False	False	False			
ENVO:01000388	tropical semi-deciduous broadleaf forest	True	False	False	True	True	False	False	False	False			
ENVO:00000108	meadow ecosystem	True	False	False	True	True	False	False	False	False			6.0
ENVO:01000299	Taylor column	True	False	False	True	False	False	False	False	False			
ENVO:01000027	marine abyssal zone biome	True	False	False	True	True	True	False	True	False			63.0
ENVO:01000155	organic material	True	False	False	False	False	False	False	False	True			4.0
ENVO:01000020	estuarine biome	True	False	False	True	True	True	False	True	False			1738.0
ENVO:01001834	subpolar biome	True	False	False	True	True	True	False	False	False			12.0
ENVO:01000104	eastern boundary current	True	False	False	True	False	False	False	False	False			
ENVO:00000209	marine photic zone	True	False	False	True	False	False	False	False	False			64.0
ENVO:00000974		False	False	False	False	False	False	False	False	False			9.0
ENVO:01000460	asphalt	True	False	False	False	False	False	False	False	True			
ENVO:01000560	charcoal	True	False	False	False	False	False	False	False	True			
ENVO:00000488	glacial lake	True	False	False	True	False	False	False	False	False			13.0
ENVO:01000561	paraffin lamp	True	False	False	False	False	False	False	False	False			
ENVO:00000856	city	True	False	False	True	True	False	False	False	False			39.0
ENVO:01000517	pit latrine	True	False	False	False	False	False	False	False	False			
ENVO:01000252	freshwater lake biome	True	False	False	True	True	True	False	True	False	467.0		1075.0
ENVO:00000063	water body	True	False	False	True	False	False	False	False	False			172.0
ENVO:00000891	large freshwater lake biome	True	False	False	True	True	True	False	True	False			124.0
ENVO:01000635	planetary landmass	True	False	False	True	False	False	False	False	False			
ENVO:01000386	temperate deciduous needleleaf forest	True	False	False	True	True	False	False	False	False			
ENVO:01000216	montane shrubland biome	True	False	False	True	True	True	True	False	False			5.0
ENVO:01000693	rockfall	True	False	False	False	False	False	False	False	False			
ENVO:00000050	geyser	True	False	False	True	False	False	False	False	False			4.0
ENVO:00000888	large river headwater biome	True	False	False	True	True	True	False	True	False			
ENVO:00002196	aquarium	True	False	False	False	False	False	False	False	False			24.0
ENVO:01000025	marine neritic benthic zone biome	True	False	False	True	True	True	False	True	False			
ENVO:01000347	montane conifer woodland	True	False	False	True	True	False	False	False	False			
ENVO:01000094	subtropical convergence front	True	False	False	False	False	False	False	False	False			
ENVO:01001468	intertidal ecosystem	True	False	False	True	True	False	False	False	False			16.0
ENVO:01000095	marginal ice zone front	True	False	False	False	False	False	False	False	False			
ENVO:01000692	landslide process	True	False	False	False	False	False	False	False	False			
ENVO:01000144	marine coral reef flat zone	True	False	False	True	False	False	False	False	False			9.0
ENVO:01000285	holomictic lake	True	False	False	True	False	False	False	False	False			33.0
ENVO:01000373	biological waste material	True	False	False	False	False	False	False	False	True			
ENVO:01000004	concentration basin mediterranean sea biome	True	False	False	True	True	True	False	True	False			
ENVO:01000589	bench	True	False	False	False	False	False	False	False	False			
ENVO:01000393	tropical lower montane forest	True	False	False	True	True	False	False	False	False			
ENVO:01000129	marine hydrothermal vent chimney	True	False	False	True	False	False	False	False	False			
ENVO:01000699	lahar	True	False	False	False	False	False	False	False	False			
ENVO:01000494	thatched exterior wall	True	False	False	True	False	False	False	False	False			
ENVO:01000282	sedimentary stratum	True	False	False	False	False	False	False	False	False			
ENVO:01000314	high osmolarity environment	True	False	False	False	True	False	False	False	False			
ENVO:01000470	building envelope	True	False	False	True	False	False	False	False	False			
ENVO:00000457	plateau glacier	True	False	False	False	False	False	False	False	False			1.0
ENVO:01000093	boundary current front	True	False	False	False	False	False	False	False	False			
ENVO:01000647	asthenosphere	True	False	False	True	False	False	False	False	False			
ENVO:01000573	battery-powered electric lamp	True	False	False	False	False	False	False	False	False			
ENVO:01000161	marine sponge reef	True	False	False	True	False	False	False	False	False			
ENVO:01001405	laboratory environment	True	False	False	False	True	False	False	False	False			28.0
ENVO:01000298	continental margin	True	False	False	True	False	False	False	False	False			
ENVO:00000451	amenity lake	True	False	False	True	False	False	False	False	False			1.0
ENVO:01000062	marine benthic storm	True	False	False	True	False	False	False	False	False			
ENVO:01001059	mock community culture	True	False	False	False	False	False	False	False	True			40.0
ENVO:01000080	pelagic isothermal surface	True	False	False	True	False	False	False	False	False			
ENVO:01000689	tsunami	True	False	False	False	False	False	False	False	False			
ENVO:01000369	vadose cave	True	False	False	True	False	False	False	False	False			
ENVO:01000683	glacial plucking	True	False	False	False	False	False	False	False	False			
ENVO:03000120	subglacial lake	True	False	False	True	False	False	False	False	False			9.0
ENVO:01000186	polar desert biome	True	False	False	True	True	True	False	False	False			
ENVO:01000403	tropical mangrove	True	False	False	True	True	False	False	False	False			
ENVO:01000075	marine thermocline	True	False	False	True	False	False	False	False	False			
ENVO:00000243	freshwater wetland ecosystem	True	False	False	False	True	False	False	False	False			1.0
ENVO:01000182	temperate desert biome	True	False	False	True	True	True	False	False	False			
ENVO:01000854	tropical marine coral reef biome	True	False	False	True	True	True	False	True	False			
ENVO:01000433	needleleaf forest	True	False	False	True	True	False	False	False	False			
ENVO:00000463	harbour	True	False	False	True	False	False	False	False	False			1.0
ENVO:01000317	aquatic environment	True	False	False	False	True	False	False	False	False			17.0
ENVO:01000643	inner planetary core	True	False	False	True	False	False	False	False	False			
ENVO:01000342	montane	True	False	False	False	False	False	False	False	False			
ENVO:00010505	aerosol	True	False	False	False	False	False	False	False	True			40.0
ENVO:01000671	dike	True	False	False	True	False	False	False	False	False			
ENVO:00000011	garden	True	False	False	True	False	False	False	False	False			16.0
ENVO:01001831	temperate biome	True	False	False	True	True	True	False	False	False			
ENVO:01000261	obsolete lysocline	True	True	False	False	False	False	False	False	False			
ENVO:01000872	ballast water	True	False	False	False	False	False	False	False	True			61.0
ENVO:00002181	neutral hot spring	True	False	False	True	False	False	False	False	False			1.0
ENVO:01000593	framed bed	True	False	False	False	False	False	False	False	False			
ENVO:01000234	mafic lava	True	False	False	False	False	False	False	False	True			
ENVO:01000457	masonry unit	True	False	False	False	False	False	False	False	False			
ENVO:01000399	tropical needleleaf forest	True	False	False	True	True	False	False	False	False			
ENVO:01000445	disturbed ecosystem	True	False	False	False	True	False	False	False	False			
ENVO:00012411	karst cave	True	False	False	True	False	False	False	False	False			7.0
ENVO:01000598	freshwater spring	True	False	False	True	False	False	False	False	False			
ENVO:00002157	stromatolite mat	True	False	False	False	False	False	False	False	False			1.0
ENVO:01000225	subtropical dry broadleaf forest biome	True	False	False	True	True	True	True	False	False			
ENVO:01000127	marine cold seep biome	True	False	False	True	True	True	False	True	False			
ENVO:01000235	ultramafic lava	True	False	False	False	False	False	False	False	True			
ENVO:00000479	mouth	True	False	False	True	False	False	False	False	False			13.0
ENVO:01000114	boulder sediment	True	False	False	False	False	False	False	False	True			
ENVO:01001825	active anaerobic enrichment culturing unit	True	False	False	False	False	False	False	False	False			86.0
ENVO:01000334	talus slope	True	False	False	True	False	False	False	False	False			
ENVO:01000260	nutricline within a water body	True	False	False	True	False	False	False	False	False			
ENVO:01000192	tropical grassland biome	True	False	False	True	True	True	True	False	False			
ENVO:01000364	glacier cave	True	False	False	True	False	False	False	False	False			
ENVO:01000515	tiled building roof	True	False	False	True	False	False	False	False	False			
ENVO:00002055	sandstone	True	False	False	False	False	False	False	False	True			17.0
ENVO:00000546	lake sediment	True	False	False	False	False	False	False	False	True			1.0
ENVO:01000558	liquefied hydrocarbon gas	True	False	False	False	False	False	False	False	True			
ENVO:01000006	coastal upwelling	True	False	False	True	False	False	False	False	False			158.0
ENVO:2000005	freshwater algal bloom	True	False	False	True	False	False	False	False	False			49.0
ENVO:01000170	indeterminate root nodule infection zone	True	False	False	False	False	False	False	False	False			
ENVO:01000497	mud exterior wall	True	False	False	True	False	False	False	False	False			
ENVO:01000964	industrial wastewater	True	False	False	False	False	False	False	False	True			2.0
ENVO:01000036	oceanic mesopelagic zone biome	True	False	False	True	True	True	False	True	False			20.0
ENVO:00000014	canal	True	False	False	True	False	False	False	False	False			1.0
ENVO:01000339	polar biome	True	False	False	True	True	True	False	False	False			118.0
ENVO:00002018	sewage	True	False	False	False	False	False	False	False	True			21.0
ENVO:00000208	marine pelagic zone	True	False	False	True	False	False	False	False	False			6.0
ENVO:01000033	oceanic pelagic zone biome	True	False	False	True	True	True	False	True	False			
ENVO:01000055	obsolete marine bulk water	True	True	False	False	False	False	False	False	False			
ENVO:01000032	neritic pelagic zone biome	True	False	False	True	True	True	False	True	False			
ENVO:01000177	grassland biome	True	False	False	True	True	True	True	False	False			
ENVO:01000185	montane desert biome	True	False	False	True	True	True	False	False	False			12.0
ENVO:00000015	ocean	True	False	False	True	False	False	False	False	False			4453.0
ENVO:01000439	andesitic volcano	True	False	False	True	False	False	False	False	False			
ENVO:01000290	warm monomictic lake	True	False	False	True	False	False	False	False	False			
ENVO:01000178	savanna biome	True	False	False	True	True	True	True	False	False			
ENVO:01000281	layer	True	False	False	False	False	False	False	False	False			
ENVO:2017111507		False	False	False	False	False	False	False	False	False			
ENVO:2017111501		False	False	False	False	False	False	False	False	False			
ENVO:01000035	oceanic epipelagic zone biome	True	False	False	True	True	True	False	True	False			467.0
ENVO:01000097	surface convergence	True	False	False	False	False	False	False	False	False			
ENVO:01000219	anthropogenic terrestrial biome	True	False	False	True	True	True	True	False	False			
ENVO:01000343	altitudinal condition	True	False	False	False	False	False	False	False	False			
ENVO:00000452	ribbon lake	True	False	False	True	False	False	False	False	False			1.0
ENVO:01000189	temperate savanna biome	True	False	False	True	True	True	True	False	False			
ENVO:01000631	ocean acidification	True	False	False	False	False	False	False	False	False			
ENVO:01000132	thermophilic sediment	True	False	False	False	False	False	False	False	True			
ENVO:01000213	subtropical shrubland biome	True	False	False	True	True	True	True	False	False			
ENVO:00000232	fen	True	False	False	False	True	False	False	False	False		65.0	
ENVO:2017081510		False	False	False	False	False	False	False	False	False			
ENVO:01000408	environmental zone	True	False	False	False	False	False	False	False	False			
ENVO:01001004	groundwater	True	False	False	False	False	False	False	False	True			408.0
ENVO:01000076	marine chemocline	True	False	False	True	False	False	False	False	False			
ENVO:01000172	indeterminate root nodule senescent zone	True	False	False	False	False	False	False	False	False			
ENVO:01000041	neritic sea surface microlayer biome	True	False	False	True	True	True	False	True	False			3.0
ENVO:01000227	tropical dry broadleaf forest biome	True	False	False	True	True	True	True	False	False			
ENVO:01000472	building roof	True	False	False	True	False	False	False	False	False			
ENVO:00002043	wastewater treatment plant	True	False	False	True	False	False	False	False	False			5.0
ENVO:01000231	lava	True	False	False	False	False	False	False	False	True			
ENVO:01000268	atmospheric water vapour	True	False	False	False	False	False	False	False	True			
ENVO:01000222	subtropical woodland biome	True	False	False	True	True	True	True	False	False			
ENVO:01000618	lotic water body	True	False	False	True	False	False	False	False	False			
ENVO:01000258	fluid cline	True	False	False	False	False	False	False	False	False			
ENVO:00000353	island arc	True	False	False	True	False	False	False	False	False			15.0
ENVO:01000187	subtropical savanna biome	True	False	False	True	True	True	True	False	False			
ENVO:03600081	cloud water	True	False	False	False	False	False	False	False	True			3.0
ENVO:01000356	granite	True	False	False	False	False	False	False	False	True			
ENVO:00000044	peatland	True	False	False	False	True	False	False	False	False			36.0
UBERON:0002416	integumental system	False	False	False	False	False	False	False	False	False			58.0
ENVO:01000429	burrow	True	False	False	True	False	False	False	False	False			
ENVO:01000511	thatched building roof	True	False	False	True	False	False	False	False	False			
ENVO:01000039	oceanic hadal pelagic zone biome	True	False	False	True	True	True	False	True	False			7.0
ENVO:01000708	riverine flooding	True	False	False	False	False	False	False	False	False			
ENVO:01001110	ecosystem	True	False	False	False	True	False	False	False	False			61.0
ENVO:00000114	agricultural field	True	False	False	True	False	False	False	False	False			237.0
ENVO:01000655	explosive eruption	True	False	False	False	False	False	False	False	False			
ENVO:01000570	hot-blast paraffin lantern	True	False	False	False	False	False	False	False	False			
ENVO:01000280	ecozone	True	False	False	True	True	False	False	False	False			
ENVO:01000690	mass wasting	True	False	False	False	False	False	False	False	False			
PATO:0045093	south	False	False	False	False	False	False	False	False	False			56.0
ENVO:01000779	public infrastructure	True	False	False	True	False	False	False	False	False			4.0
ENVO:01000147	marine coral reef fore reef	True	False	False	True	False	False	False	False	False			
ENVO:01000330	cypress strand swamp	True	False	False	False	True	False	False	False	False			
ENVO:01000516	toilet fixture	True	False	False	False	False	False	False	False	False			
ENVO:01000124	marine supra-littoral zone	True	False	False	True	False	False	False	False	False			
ENVO:01000319	rocky slope	True	False	False	True	False	False	False	False	False			
ENVO:01000478	cement plaster	True	False	False	False	False	False	False	False	True			
ENVO:00003065	distilled water	True	False	False	False	False	False	False	False	True			28.0
ENVO:01000133	hyperthermophilic sediment	True	False	False	False	False	False	False	False	True			
ENVO:01000288	monomictic lake	True	False	False	True	False	False	False	False	False			
ENVO:01000674	microfracture	True	False	False	True	False	False	False	False	False			
ENVO:2017081511		False	False	False	False	False	False	False	False	False			
ENVO:01000270	claystone	True	False	False	False	False	False	False	False	True			
ENVO:00000098	island	True	False	False	True	False	False	False	False	False			6.0
ENVO:00002199	sandy beach	True	False	False	True	False	False	False	False	False			48.0
ENVO:2017081503		False	False	False	False	False	False	False	False	False			
ENVO:01000522	latrine pit	True	False	False	True	False	False	False	False	False			
ENVO:01000304	high pressure environment	True	False	False	False	True	False	False	False	False			
ENVO:2017111506		False	False	False	False	False	False	False	False	False			
ENVO:00000215	hydrothermal vent	True	False	False	True	False	False	False	False	False			10.0
ENVO:2018051510		False	False	False	False	False	False	False	False	False			
ENVO:01000701	volcanic ash	True	False	False	False	False	False	False	False	True			
ENVO:01000534	pour-flush toilet fixture	True	False	False	False	False	False	False	False	False			
ENVO:01000087	tidal mixing front	True	False	False	False	False	False	False	False	False			
PCO:1000004	microbial community	False	False	False	False	False	False	False	False	False			73.0
ENVO:01001743	plume	True	False	False	True	False	False	False	False	False			2.0
ENVO:01000384	tropical lowland evergreen broadleaf rain forest	True	False	False	True	True	False	False	False	False			
ENVO:01000700	sturzstrom	True	False	False	False	False	False	False	False	False			
ENVO:01000512	wooden building roof	True	False	False	True	False	False	False	False	False			
ENVO:01000202	temperate broadleaf forest biome	True	False	False	True	True	True	True	False	False			
ENVO:01000173	anoxic water	True	False	False	False	False	False	False	False	True			6.0
ENVO:01000309	cold environment	True	False	False	False	True	False	False	False	False			
ENVO:01000650	stream channel	True	False	False	True	False	False	False	False	False			
ENVO:00000890	small river biome	True	False	False	True	True	True	False	True	False			642.0
ENVO:01000451	atmospheric carbon dioxide	True	False	False	False	False	False	False	False	True			
ENVO:2017111510		False	False	False	False	False	False	False	False	False			
ENVO:01000376	tropical marine semi-evergreen forest	True	False	False	True	True	False	False	False	False			
ENVO:00000893	xeric basin biome	True	False	False	True	True	True	False	True	False			
ENVO:01000193	temperate grassland biome	True	False	False	True	True	True	True	False	False			
ENVO:01000210	tropical coniferous forest biome	True	False	False	True	True	True	True	False	False			
ENVO:01000107	seasonal marine thermocline	True	False	False	True	False	False	False	False	False			
ENVO:01000233	intermediate lava	True	False	False	False	False	False	False	False	True			
ENVO:00000019	saline lake	True	False	False	True	False	False	False	False	False			23.0
ENVO:01000063	planktonic material	True	False	False	False	False	False	False	False	True			2.0
ENVO:00005801	rhizosphere	True	False	False	True	True	False	False	False	False			10.0
ENVO:01000510	sheet-iron building roof	True	False	False	True	False	False	False	False	False			
ENVO:01000625	manufactured cage	True	False	False	False	False	False	False	False	False			
ENVO:01000591	bed frame	True	False	False	False	False	False	False	False	False			
ENVO:01000704	hydrological evaporation	True	False	False	False	False	False	False	False	False			
ENVO:01000289	cold monomictic lake	True	False	False	True	False	False	False	False	False			
ENVO:01000070	terrigenous sediment	True	False	False	False	False	False	False	False	True			
ENVO:01000441	andesite	True	False	False	False	False	False	False	False	True			
ENVO:01000479	lime plaster	True	False	False	False	False	False	False	False	True			
ENVO:01000532	covered pit latrine	True	False	False	True	False	False	False	False	False			
ENVO:00002011	fresh water	True	False	False	False	False	False	False	False	True			3601.0
ENVO:01000165	trophosome	True	False	False	False	False	False	False	False	False			
ENVO:01000529	chemical toilet fixture	True	False	False	False	False	False	False	False	False			
ENVO:01000425	indoor toilet	True	False	False	True	False	False	False	False	False			
ENVO:01000673	shear fracture	True	False	False	True	False	False	False	False	False			
ENVO:01000648	magma	True	False	False	False	False	False	False	False	True			
ENVO:01000090	coastal upwelling front	True	False	False	False	False	False	False	False	False			
ENVO:01001832	subtropical biome	True	False	False	True	True	True	False	False	False			6.0
ENVO:01000164	root nodule	True	False	False	False	False	False	False	False	False			
ENVO:01000487	brick building floor	True	False	False	True	False	False	False	False	False			
ENVO:00000016	sea	True	False	False	True	False	False	False	False	False			21.0
ENVO:01000264	obsolete vapour	True	True	False	False	False	False	False	False	False			
ENVO:01000493	stone building floor	True	False	False	True	False	False	False	False	False			
ENVO:01000414	young plant	True	False	False	False	False	False	False	False	False			
ENVO:01000543	atmospheric layer	True	False	False	False	False	False	False	False	False			
ENVO:01000328	dome swamp	True	False	False	False	True	False	False	False	False			
ENVO:01000491	glass building floor	True	False	False	True	False	False	False	False	False			
ENVO:01000651	ocean strait	True	False	False	True	False	False	False	False	False			
ENVO:01000594	cabinet	True	False	False	False	False	False	False	False	False			
ENVO:01001505	alpine tundra biome	True	False	False	True	True	True	True	False	False			3.0
ENVO:01000199	mediterranean forest biome	True	False	False	True	True	True	True	False	False			
ENVO:01000587	piece of furniture	True	False	False	False	False	False	False	False	False			
ENVO:00000873	freshwater biome	True	False	False	True	True	True	False	True	False	37.0		2484.0
ENVO:01000245	cropland biome	True	False	False	True	True	True	True	False	False			
ENVO:01000435	montane forest	True	False	False	True	True	False	False	False	False			
ENVO:01000046	marginal sea biome	True	False	False	True	True	True	False	True	False			41.0
ENVO:01000675	atmospheric column	True	False	False	False	False	False	False	False	False			
ENVO:01000256	mineral material	True	False	False	False	False	False	False	False	True			
ENVO:00000351	volcanic arc	True	False	False	True	False	False	False	False	False			1.0
ENVO:00000052	volcanic crater lake	True	False	False	True	False	False	False	False	False			1.0
ENVO:01000381	continental temperate	True	False	False	False	False	False	False	False	False			
ENVO:01000383	temperate evergreen needleleaf forest	True	False	False	True	True	False	False	False	False			
ENVO:01000305	high temperature environment	True	False	False	False	True	False	False	False	False			
ENVO:01000243	boulder	True	False	False	False	False	False	False	False	False			
ENVO:00000020	lake	True	False	False	True	False	False	False	False	False			3139.0
ENVO:01001803	tropical forest	True	False	False	True	True	False	False	False	False			14.0
ENVO:01000205	subtropical	True	False	False	False	False	False	False	False	False			
ENVO:01000123	marine sponge reef biome	True	False	False	True	True	True	False	True	False			
ENVO:01000687	coast	True	False	False	True	False	False	False	False	False			1173.0
ENVO:01001791	mediterranean forest	True	False	False	True	True	False	False	False	False			10.0
ENVO:03501300	manure	True	False	False	False	False	False	False	False	True			3.0
ENVO:01000422	bathroom	True	False	False	True	False	False	False	False	False			
ENVO:00002120	acidic hot spring	True	False	False	True	False	False	False	False	False			4.0
ENVO:00000495	tributary	True	False	False	True	False	False	False	False	False			11.0
ENVO:01000152	iron-reducing sediment	True	False	False	False	False	False	False	False	True			
ENVO:01000327	strand swamp	True	False	False	False	True	False	False	False	False			
ENVO:2017111509		False	False	False	False	False	False	False	False	False			
ENVO:01000134	hydrothermal fluid	True	False	False	False	False	False	False	False	True			
ENVO:01000585	desk	True	False	False	False	False	False	False	False	False			
ENVO:01000657	igneous intrusion process	True	False	False	False	False	False	False	False	False			
ENVO:01000667	geological fracture	True	False	False	True	False	False	False	False	False			
ENVO:01000117	granular sediment	True	False	False	False	False	False	False	False	True			
ENVO:01000579	television set	True	False	False	False	False	False	False	False	False			
ENVO:01000276	ecoregion	True	False	False	True	True	False	False	False	False			
ENVO:01000431	mixed forest	True	False	False	True	True	False	False	False	False			
ENVO:01000052	marine white smoker biome	True	False	False	True	True	True	False	True	False			
ENVO:03600065	spring water	True	False	False	False	False	False	False	False	True			7.0
ENVO:01000331	cypress swamp	True	False	False	False	True	False	False	False	False			
ENVO:01000154	carbon dioxide-reducing sediment	True	False	False	False	False	False	False	False	True			
ENVO:01000621	microcosm	True	False	False	False	False	False	False	False	False			
ENVO:01000111	cosmogenous sediment	True	False	False	False	False	False	False	False	True			
ENVO:01000664	tuff cone	True	False	False	True	False	False	False	False	False			
PATO:0001323	area	False	False	False	False	False	False	False	False	False			121.0
ENVO:01000523	pit latrine with slab floor	True	False	False	False	False	False	False	False	False			
ENVO:01000446	ravine	True	False	False	True	False	False	False	False	False			
ENVO:01000157	microbial mat material	True	False	False	False	False	False	False	False	True			
ENVO:00001998	soil	True	False	False	True	False	False	False	False	True			18.0
ENVO:01000361	primary cave	True	False	False	True	False	False	False	False	False			
ENVO:01000112	polymetallic nodule	True	False	False	False	False	False	False	False	True			
ENVO:01000180	tundra biome	True	False	False	True	True	True	True	False	False			2089.0
ENVO:01000400	tropical thorn forest	True	False	False	True	True	False	False	False	False			
ENVO:01000049	marine coral reef biome	True	False	False	True	True	True	False	True	False			25.0
ENVO:01000267	atmosphere	True	False	False	False	False	False	False	False	False			
ENVO:01000452	environmental disposition	True	False	False	False	False	False	False	False	False			
ENVO:01000612	taxicab	True	False	False	False	False	False	False	False	False			
ENVO:01000120	clay sediment	True	False	False	False	False	False	False	False	True			
ENVO:01000367	anchialine cave	True	False	False	True	False	False	False	False	False			
ENVO:00000055	saline evaporation pond	True	False	False	True	False	False	False	False	False			19.0
ENVO:01000217	mediterranean shrubland biome	True	False	False	True	True	True	True	False	False			
ENVO:01000105	obsolete marine benthic feature	True	True	False	False	False	False	False	False	False			
ENVO:00000377	artificial lake	True	False	False	True	False	False	False	False	False			1.0
ENVO:01000652	river channel	True	False	False	True	False	False	False	False	False			
ENVO:01000190	flooded savanna biome	True	False	False	True	True	True	True	False	False			
ENVO:00000386	river mouth	True	False	False	True	False	False	False	False	False			25.0
ENVO:01000207	mediterranean	True	False	False	False	False	False	False	False	False			10.0
ENVO:01000179	desert biome	True	False	False	True	True	True	False	False	False			
ENVO:01000391	tropical semi-evergreen moist broadleaf forest	True	False	False	True	True	False	False	False	False			
ENVO:01000455	material pooling disposition	True	False	False	False	False	False	False	False	False			
ENVO:01000477	gypsum plaster	True	False	False	False	False	False	False	False	True			
ENVO:01000678	tectonic earthquake	True	False	False	False	False	False	False	False	False			
ENVO:01000423	living room	True	False	False	True	False	False	False	False	False			
ENVO:01000709	flash flooding	True	False	False	False	False	False	False	False	False			
ENVO:01001835	alpine biome	True	False	False	True	True	True	False	False	False			
ENVO:01000113	suspended sediment	True	False	False	False	False	False	False	False	True			
ENVO:01000434	sclerophyllous forest	True	False	False	True	True	False	False	False	False			
ENVO:04000007	lake water	True	False	False	True	False	False	False	False	True			57.0
ENVO:01001062	crater lake	True	False	False	True	False	False	False	False	False			52.0
ENVO:2017081504		False	False	False	False	False	False	False	False	False			
ENVO:01000030	marine hydrothermal vent biome	True	False	False	True	True	True	False	True	False			51.0
ENVO:00002006	liquid water	True	False	False	False	False	False	False	False	True			67.0
ENVO:01000382	cold desert	True	False	False	True	False	False	False	False	False			
ENVO:01000054	marine basaltic hydrothermal vent biome	True	False	False	True	True	True	False	True	False			
ENVO:01000037	oceanic bathypelagic zone biome	True	False	False	True	True	True	False	True	False			42.0
ENVO:01000531	covered latrine	True	False	False	True	False	False	False	False	False			
ENVO:01001805	temperate forest	True	False	False	True	True	False	False	False	False			1.0
ENVO:01000705	soil degradation	True	False	False	False	False	False	False	False	False			
ENVO:01001788	marine ecosystem	True	False	False	True	True	False	False	False	False			51.0
ENVO:00000892	small freshwater lake biome	True	False	False	True	True	True	False	True	False			84.0
ENVO:01000023	marine pelagic biome	True	False	False	True	True	True	False	True	False			322.0
ENVO:01000702	ash fall process	True	False	False	False	False	False	False	False	False			
ENVO:01000501	burnt brick	True	False	False	False	False	False	False	False	False			
ENVO:01000257	white smoker	True	False	False	True	False	False	False	False	False			
ENVO:01000099	marine surface current	True	False	False	True	False	False	False	False	False			
ENVO:01000520	latrine slab	True	False	False	False	False	False	False	False	False			
ENVO:01000443	salt mass	True	False	False	True	False	False	False	False	False			
ENVO:01000116	pebble sediment	True	False	False	False	False	False	False	False	True			
CHEBI:24433	group	False	False	False	False	False	False	False	False	False			3.0
ENVO:00000426	ocean floor	True	False	False	True	False	False	False	False	False			1.0
ENVO:01000402	tropical mixed broadleaf forest	True	False	False	True	True	False	False	False	False			
ENVO:01000389	temperate mixed broadleaf forest	True	False	False	True	True	False	False	False	False			
ENVO:000000020		False	False	False	False	False	False	False	False	False			25.0
ENVO:01000420	building part	True	False	False	True	False	False	False	False	False			
ENVO:00002152	biofilter	True	False	False	False	False	False	False	False	False			1.0
ENVO:01000858	marine upwelling biome	True	False	False	True	True	True	False	True	False			
ENVO:01000363	erosional cave	True	False	False	True	False	False	False	False	False			
ENVO:01000615	motorcycle	True	False	False	False	False	False	False	False	False			
ENVO:00000126	sulfur spring	True	False	False	True	False	False	False	False	False			10.0
ENVO:01000142	wood fall	True	False	False	False	False	False	False	False	False			
ENVO:01000084	estuarine front	True	False	False	False	False	False	False	False	False			
ENVO:00000033	pond	True	False	False	True	False	False	False	False	False			148.0
PATO:0001900	front	False	False	False	False	False	False	False	False	False			6.0
ENVO:2018051506		False	False	False	False	False	False	False	False	False			
ENVO:01000637	outer space	True	False	False	False	False	False	False	False	True			
ENVO:01000131	mesophilic sediment	True	False	False	False	False	False	False	False	True			
ENVO:01000524	outhouse	True	False	False	True	False	False	False	False	False			
ENVO:01000695	mudslide	True	False	False	False	False	False	False	False	False			
RO:0001019	contains	False	False	False	False	False	False	False	False	False			3.0
ENVO:00002198	fresh water aquarium	True	False	False	False	False	False	False	False	False			75.0
ENVO:01000139	animal carcass fall	True	False	False	False	False	False	False	False	False			
ENVO:01000149	marine coral reef deep fore reef	True	False	False	True	False	False	False	False	False			
ENVO:01000246	village biome	True	False	False	True	True	True	False	False	False			1.0
ENVO:01000379	highland subtropical	True	False	False	False	False	False	False	False	False			
ENVO:00002019	brackish water	True	False	False	False	False	False	False	False	True			161.0
ENVO:01000550	composting toilet	True	False	False	False	False	False	False	False	False			
ENVO:01000542	ozone layer	True	False	False	False	False	False	False	False	False			
ENVO:00000077	agricultural ecosystem	True	False	False	False	True	False	False	False	False			63.0
ENVO:00000027	spring	True	False	False	True	False	False	False	False	False			10.0
ENVO:00002131	epilimnion	True	False	False	True	False	False	False	False	False			1.0
ENVO:01000469	exterior wall	True	False	False	True	False	False	False	False	False			
ENVO:01000201	subtropical broadleaf forest biome	True	False	False	True	True	True	True	False	False			
ENVO:01000312	culturing environment	True	False	False	False	True	False	False	False	False			
ENVO:01000151	manganese-reducing sediment	True	False	False	False	False	False	False	False	True			
ENVO:00000245	maar	True	False	False	True	False	False	False	False	False			1.0
ENVO:01000483	flat glass	True	False	False	False	False	False	False	False	True			
ENVO:01000273	lime mudstone	True	False	False	False	False	False	False	False	True			
ENVO:2017081509		False	False	False	False	False	False	False	False	False			
ENVO:01000505	salt dome	True	False	False	True	False	False	False	False	False			
ENVO:00002150	coastal sea water	True	False	False	False	False	False	False	False	True			85.0
ENVO:01000183	tropical desert biome	True	False	False	True	True	True	False	False	False			
ENVO:01000181	mangrove biome	True	False	False	True	True	True	True	False	False			14.0
ENVO:01000204	tropical	True	False	False	False	False	False	False	False	False			346.0
ENVO:01000329	cypress dome	True	False	False	False	True	False	False	False	False			
ENVO:01000458	concrete	True	False	False	False	False	False	False	False	True			
ENVO:01000418	human house	True	False	False	True	False	False	False	False	False			
ENVO:00002030	aquatic biome	True	False	False	True	True	True	False	True	False			3178.0
ENVO:01000047	mediterranean sea biome	True	False	False	True	True	True	False	True	False			810.0
ENVO:01000266	water vapour	True	False	False	False	False	False	False	False	True			
ENVO:01000158	marine snow	True	False	False	False	False	False	False	False	True			
ENVO:00000446	terrestrial biome	True	False	False	True	True	True	True	False	False			42.0
ENVO:01000174	forest biome	True	False	False	True	True	True	True	False	False			18.0
ENVO:00000428	biome	True	False	False	True	True	True	False	False	False			1434.0
ENVO:01000365	ice cave	True	False	False	True	False	False	False	False	False			
ENVO:01000644	liquid planetary core	True	False	False	True	False	False	False	False	False			
ENVO:01000603	water truck	True	False	False	False	False	False	False	False	False			
ENVO:01000325	aquatic layer	True	False	False	False	False	False	False	False	False			
ENVO:01000318	extreme high temperature environment	True	False	False	False	True	False	False	False	False			
ENVO:00000501	submerged bed	True	False	False	True	False	False	False	False	False			248.0
ENVO:01000471	ceiling	True	False	False	True	False	False	False	False	False			
ENVO:03600002	cooling water	True	False	False	False	False	False	False	False	True			1.0
ENVO:00000458	valley glacier	True	False	False	False	False	False	False	False	False			1.0
ENVO:01000597	pressure lamp	True	False	False	False	False	False	False	False	False			
ENVO:01000313	anthropogenic environment	True	False	False	False	True	False	False	False	False			
ENVO:01000322	brackish water environment	True	False	False	False	True	False	False	False	False			
ENVO:01000438	lava flow	True	False	False	True	False	False	False	False	False			
ENVO:01000083	pelagic isopycnal surface	True	False	False	True	False	False	False	False	False			
ENVO:01000571	cold-blast paraffin lantern	True	False	False	False	False	False	False	False	False			
ENVO:01000696	mass wasting flow	True	False	False	False	False	False	False	False	False			
ENVO:01000310	haline environment	True	False	False	False	True	False	False	False	False			
ENVO:2017081501		False	False	False	False	False	False	False	False	False			
ENVO:01000703	hydrological precipitation process	True	False	False	False	False	False	False	False	False			30.0
RO:0002577	system	False	False	False	False	False	False	False	False	False			110.0
ENVO:01000504	unburnt-brick exterior wall	True	False	False	True	False	False	False	False	False			
ENVO:2017081507		False	False	False	False	False	False	False	False	False			
ENVO:01000301	estuarine water	True	False	False	True	False	False	False	False	True			
ENVO:01000508	salt material	True	False	False	False	False	False	False	False	True			
ENVO:01000642	outer planetary core	True	False	False	True	False	False	False	False	False			
ENVO:01000274	slate	True	False	False	False	False	False	False	False	True			
ENVO:01000354	ice cap climatic condition	True	False	False	False	False	False	False	False	False			
ENVO:01000100	along-front current	True	False	False	True	False	False	False	False	False			
ENVO:00000233	swamp ecosystem	True	False	False	False	True	False	False	False	False		4.0	
ENVO:01000413	old plant	True	False	False	False	False	False	False	False	False			
ENVO:01000432	swamp forest	True	False	False	True	True	False	False	False	False			
ENVO:01000300	atmospheric Taylor column	True	False	False	True	False	False	False	False	False			
ENVO:01000656	effusive eruption	True	False	False	False	False	False	False	False	False			
ENVO:00000133	glacier	True	False	False	False	False	False	False	False	False			177.0
ENVO:06105011	water column	True	False	False	True	False	False	False	False	False			42.0
ENVO:00000021	freshwater lake	True	False	False	True	False	False	False	False	False			1285.0
ENVO:01000370	tundra climatic condition	True	False	False	False	False	False	False	False	False			
ENVO:01000404	obsolete manufactured plastic	True	True	False	False	False	False	False	False	False			
ENVO:01000110	hydrogenous sediment	True	False	False	False	False	False	False	False	True			
ENVO:01000660	tephra	True	False	False	False	False	False	False	False	True			
ENVO:01000686	marine water mass	True	False	False	True	False	False	False	False	False			
ENVO:01000326	deep chlorophyll maximum layer	True	False	False	False	False	False	False	False	False			
ENVO:01000175	woodland biome	True	False	False	True	True	True	True	False	False			
ENVO:01000385	temperate deciduous broadleaf forest	True	False	False	True	True	False	False	False	False			
ENVO:01000465	building wall	True	False	False	True	False	False	False	False	False			
ENVO:01000632	chonolith	True	False	False	True	False	False	False	False	False			
ENVO:01000411	infralittoral zone	True	False	False	True	False	False	False	False	False			
CHEBI:33287	fertilizer	False	False	False	False	False	False	False	False	False			48.0
ENVO:01000211	temperate coniferous forest biome	True	False	False	True	True	True	True	False	False			
ENVO:01000265	hydrothermal seep	True	False	False	True	False	False	False	False	False			
ENVO:01000395	temperate sclerophyllous dry forest	True	False	False	True	True	False	False	False	False			
ENVO:01000584	table	True	False	False	False	False	False	False	False	False			
ENVO:01000613	watercraft	True	False	False	False	False	False	False	False	False			
ENVO:01000538	stratosphere	True	False	False	False	False	False	False	False	False			
ENVO:00002042	surface water	True	False	False	False	False	False	False	False	True			147.0
ENVO:00000054	saline marsh	True	False	False	False	True	False	False	False	False		535.0	
ENVO:01000481	silica-based glass	True	False	False	False	False	False	False	False	True			
ENVO:01000118	sandy sediment	True	False	False	False	False	False	False	False	True			
ENVO:01000608	boat	True	False	False	False	False	False	False	False	False			
ENVO:01000661	tuff	True	False	False	False	False	False	False	False	True			
ENVO:01000146	marine coral reef crest	True	False	False	True	False	False	False	False	False			
ENVO:01001830	tropical biome	True	False	False	True	True	True	False	False	False			
ENVO:01000580	telephone	True	False	False	False	False	False	False	False	False			
ENVO:01000269	siltstone	True	False	False	False	False	False	False	False	True			
ENVO:00000023	stream	True	False	False	True	False	False	False	False	False			169.0
ENVO:01000582	landline telephone	True	False	False	False	False	False	False	False	False			
ENVO:01000255	mineral deposit	True	False	False	True	False	False	False	False	False			
ENVO:01001669	mariculture process	True	False	False	False	False	False	False	False	False			18.0
ENVO:01000453	carbon pooling disposition	True	False	False	False	False	False	False	False	False			
ENVO:01000103	western boundary current	True	False	False	True	False	False	False	False	False			
ENVO:01000349	root matter	True	False	False	False	False	False	False	False	True			
ENVO:01000629	climate change	True	False	False	False	False	False	False	False	False			
ENVO:01000028	marine hadal zone biome	True	False	False	True	True	True	False	True	False			
ENVO:01000440	dacitic volcano	True	False	False	True	False	False	False	False	False			
ENVO:01000459	asphalt concrete	True	False	False	False	False	False	False	False	True			
ENVO:01001630	submarine groundwater discharge process	True	False	False	False	False	False	False	False	False			1.0
ENVO:03600087	greenhouse	True	False	False	True	False	False	False	False	False			4.0
ENVO:01000042	neritic epipelagic zone biome	True	False	False	True	True	True	False	True	False			5.0
ENVO:01000640	planetary mantle	True	False	False	True	False	False	False	False	False			
ENVO:00003064	drinking water	True	False	False	False	False	False	False	False	True			881.0
ENVO:01000706	soil erosion	True	False	False	False	False	False	False	False	False			
ENVO:01000676	contaminated air	True	False	False	False	False	False	False	False	True			
ENVO:01000295	marine layer	True	False	False	True	False	False	False	False	False			
ENVO:01000405	respirable suspended particulate matter	True	False	False	False	False	False	False	False	True			
ENVO:01000119	silty sediment	True	False	False	False	False	False	False	False	True			
ENVO:01000277	water ice	True	False	False	False	False	False	False	False	True			
ENVO:01001209	wetland ecosystem	True	False	False	False	True	False	False	False	False		1239.0	123.0
ENVO:01000905	shrimp pond	True	False	False	True	False	False	False	False	False			12.0
ENVO:01000401	tropical mixed needleleaf forest	True	False	False	True	True	False	False	False	False			
ENVO:01000482	soda-lime glass	True	False	False	False	False	False	False	False	True			
ENVO:01000159	obsolete organic feature	True	True	False	False	False	False	False	False	False			
ENVO:01000454	carbon dioxide pooling disposition	True	False	False	False	False	False	False	False	False			
ENVO:01000463	hydraulic cement	True	False	False	False	False	False	False	False	True			
ENVO:01000353	marine mesoscale eddy field	True	False	False	True	False	False	False	False	False			
ENVO:01000098	deep ocean current	True	False	False	True	False	False	False	False	False			
ENVO:01000045	epeiric sea biome	True	False	False	True	True	True	False	True	False			2.0
ENVO:01000624	hydrological condensation process	True	False	False	False	False	False	False	False	False			
ENVO:01000670	vein	True	False	False	True	False	False	False	False	False			
ENVO:01000323	atmospheric boundary layer	True	False	False	False	False	False	False	False	False			
ENVO:01000115	cobble sediment	True	False	False	False	False	False	False	False	True			
ENVO:00000533	landfill	True	False	False	True	False	False	False	False	False			87.0
ENVO:01000646	lithosphere	True	False	False	True	False	False	False	False	False			
ENVO:03600074	aquaculture farm	True	False	False	False	True	False	False	False	False		245.0	31.0
ENVO:01000462	masonry cement	True	False	False	False	False	False	False	False	True			
ENVO:01000526	sedimentary intrusion	True	False	False	True	False	False	False	False	False			
ENVO:01000607	animal-drawn cart	True	False	False	False	False	False	False	False	False			
ENVO:01000286	dimictic lake	True	False	False	True	False	False	False	False	False			43.0
ENVO:01000064	marine downwelling	True	False	False	True	False	False	False	False	False			
ENVO:01000410	marine eulittoral zone	True	False	False	True	False	False	False	False	False			16.0
ENVO:00000453	liman	True	False	False	True	False	False	False	False	False			1.0
ENVO:01000551	paraffin oil	True	False	False	False	False	False	False	False	True			
ENVO:01000248	dense settlement biome	True	False	False	True	True	True	False	False	False			
ENVO:01000537	atmospheric ozone	True	False	False	False	False	False	False	False	True			
ENVO:01000509	sheet-iron exterior wall	True	False	False	True	False	False	False	False	False			
ENVO:01000617	lentic water body	True	False	False	True	False	False	False	False	False			
ENVO:01000085	plume front	True	False	False	False	False	False	False	False	False			
ENVO:01000544	boundary layer	True	False	False	False	False	False	False	False	False			
ENVO:01000665	waste role	True	False	False	False	False	False	False	False	False			
ENVO:01000398	temperate freshwater swamp forest	True	False	False	True	True	False	False	False	False			
ENVO:01000390	temperate mixed needleleaf forest	True	False	False	True	True	False	False	False	False			132.0
ENVO:01000065	marine oxygen minimum zone	True	False	False	True	False	False	False	False	False			
ENVO:01000578	cassette player	True	False	False	False	False	False	False	False	False			
ENVO:01000166	mycetome	True	False	False	False	False	False	False	False	False			
ENVO:00002224	eutrophic water	True	False	False	False	False	False	False	False	True			84.0
ENVO:01000685	water mass	True	False	False	True	False	False	False	False	False			
ENVO:00002183	oil tank	True	False	False	False	False	False	False	False	False			16.0
ENVO:01000293	ice mass	True	False	False	True	False	False	False	False	False			
ENVO:01000058	kelp forest	True	False	False	True	False	False	False	False	False			
ENVO:01000294	crevice	True	False	False	True	False	False	False	False	False			
ENVO:2017111504		False	False	False	False	False	False	False	False	False			
ENVO:01000228	tropical moist broadleaf forest biome	True	False	False	True	True	True	True	False	False			
ENVO:01000121	colloidal sediment	True	False	False	False	False	False	False	False	True			
ENVO:02000049	coastal water body	True	False	False	True	False	False	False	False	False			152.0
ENVO:01000773	village	True	False	False	True	True	False	False	False	False			22.0
ENVO:01000682	glacial abrasion	True	False	False	False	False	False	False	False	False			
ENVO:01000034	oceanic sea surface microlayer biome	True	False	False	True	True	True	False	True	False			6.0
ENVO:00000448	hydroelectric reservoir	True	False	False	True	False	False	False	False	False			1.0
ENVO:01000341	subalpine	True	False	False	False	False	False	False	False	False			
ENVO:00000275	ocean trench	True	False	False	True	False	False	False	False	False			44.0
ENVO:00000035	marsh	True	False	False	False	True	False	False	False	False			175.0
ENVO:00002045	anaerobic sediment	True	False	False	False	False	False	False	False	True			7.0
ENVO:00000418	ria	True	False	False	True	False	False	False	False	False			9.0
ENVO:0000042		False	False	False	False	False	False	False	False	False			69.0
ENVO:01000292	warm polymictic lake	True	False	False	True	False	False	False	False	False			
ENVO:01000514	tile	True	False	False	False	False	False	False	False	False			
ENVO:03605009	freshwater stream ecosystem	True	False	False	True	True	False	False	False	False			1.0
ENVO:01000017	sand	True	False	False	False	False	False	False	False	True			18.0
ENVO:00000178	levee	True	False	False	True	False	False	False	False	False			96.0
ENVO:00000132	ice sheet	True	False	False	False	False	False	False	False	False			3.0
ENVO:01000176	shrubland biome	True	False	False	True	True	True	True	False	False			
ENVO:01000553	liquefied petroleum gas	True	False	False	False	False	False	False	False	True			
ENVO:01000622	vaporisation	True	False	False	False	False	False	False	False	False			
ENVO:00000051	hot spring	True	False	False	True	False	False	False	False	False			72.0
ENVO:01000563	central-draught lamp	True	False	False	False	False	False	False	False	False			
ENVO:2018051508		False	False	False	False	False	False	False	False	False			
ENVO:01000559	compressed biogas	True	False	False	False	False	False	False	False	True			
ENVO:01000480	glass	True	False	False	False	False	False	False	False	True			
ENVO:01000575	wax	True	False	False	False	False	False	False	False	True			
ENVO:02000139	desert spring	True	False	False	True	False	False	False	False	False			2.0
ENVO:01000320	marine environment	True	False	False	True	True	False	False	False	False			17.0
ENVO:01000506	concrete exterior wall	True	False	False	True	False	False	False	False	False			
ENVO:01000488	wooden building floor	True	False	False	True	False	False	False	False	False			
ENVO:01000279	ice lens	True	False	False	True	False	False	False	False	False			
ENVO:01000005	upwelling	True	False	False	True	False	False	False	False	False			15.0
ENVO:01000417	house	True	False	False	True	False	False	False	False	False			
ENVO:01000303	endolithic environment	True	False	False	False	True	False	False	False	False			
ENVO:00002270	chemocline	True	False	False	False	False	False	False	False	False			1.0
ENVO:01000507	iron sheet	True	False	False	False	False	False	False	False	False			
ENVO:01000419	domestic garden	True	False	False	True	False	False	False	False	False			
ENVO:01000669	active geological fault	True	False	False	True	False	False	False	False	False			
ENVO:01000525	rock intrusion	True	False	False	True	False	False	False	False	False			
ENVO:01000595	cupboard	True	False	False	False	False	False	False	False	False			
ENVO:01000965	constructed swimming pool	True	False	False	True	False	False	False	False	False			1.0
ENVO:00000296	rice field	True	False	False	True	True	False	False	False	False			40.0
ENVO:00002228	pond water	True	False	False	True	False	False	False	False	True			98.0
ENVO:01000051	marine black smoker biome	True	False	False	True	True	True	False	True	False			
ENVO:01000942	continental subsurface zone	True	False	False	True	False	False	False	False	False			8.0
ENVO:01000600	rainwater	True	False	False	False	False	False	False	False	True			144.0
ENVO:01000528	dry toilet fixture	True	False	False	False	False	False	False	False	False			
ENVO:01000658	dense settlement	True	False	False	True	True	False	False	False	False			
ENVO:2018051507		False	False	False	False	False	False	False	False	False			
ENVO:01000043	neritic mesopelagic zone biome	True	False	False	True	True	True	False	True	False			
ENVO:01001028	sediment permeated by freshwater	True	False	False	False	False	False	False	False	True			70.0
ENVO:00000038	lagoon	True	False	False	False	False	False	False	False	False			208.0
ENVO:01000345	upper montane	True	False	False	False	False	False	False	False	False			
ENVO:01000306	freshwater environment	True	False	False	False	True	False	False	False	False			3.0
ENVO:01000239	oak woodland	True	False	False	True	True	False	False	False	False			
ENVO:00000889	large river delta biome	True	False	False	True	True	True	False	True	False			
ENVO:2018051502		False	False	False	False	False	False	False	False	False			
ENVO:01000495	stone exterior wall	True	False	False	True	False	False	False	False	False			
ENVO:01000059	sea grass bed	True	False	False	True	False	False	False	False	False			21.0
ENVO:01000619	closed ecological system	True	False	False	False	False	False	False	False	False			
ENVO:01000262	seep	True	False	False	True	False	False	False	False	False			
CHEBI:24866	salt	False	False	False	False	False	False	False	False	False			13.0
ENVO:01001838	arid biome	True	False	False	True	True	True	False	False	False			
ENVO:01000572	electric lamp	True	False	False	False	False	False	False	False	False			
ENVO:01000195	flooded grassland biome	True	False	False	True	True	True	True	False	False			
ENVO:01000569	dead flame paraffin lantern	True	False	False	False	False	False	False	False	False			
ENVO:01000564	mantle lamp	True	False	False	False	False	False	False	False	False			
ENVO:04000012	particulate organic matter	True	False	False	False	False	False	False	False	True			41.0
ENVO:00000294	fish farm	True	False	False	False	True	False	False	False	False			137.0
ENVO:01000461	refined asphalt	True	False	False	False	False	False	False	False	True			
ENVO:01000091	topographic upwelling front	True	False	False	False	False	False	False	False	False			
ENVO:01000109	marine warm-water sphere	True	False	False	True	False	False	False	False	False			
ENVO:03600037	eutrophic pond	True	False	False	True	False	False	False	False	False			12.0
PATO:0000025	composition	False	False	False	False	False	False	False	False	False			1.0
PATO:0000165	time	False	False	False	False	False	False	False	False	False			48.0
ENVO:01000426	room	True	False	False	True	False	False	False	False	False			
ENVO:01000568	tubular paraffin lantern	True	False	False	False	False	False	False	False	False			
ENVO:00002130	hypolimnion	True	False	False	True	False	False	False	False	False			1.0
ENVO:01000143	marine reef	True	False	False	True	False	False	False	False	False			
ENVO:00000022	river	True	False	False	True	False	False	False	False	False			1029.0
ENVO:01000638	planetary crust	True	False	False	True	False	False	False	False	False			
ENVO:01000128	dilution basin mediterranean sea biome	True	False	False	True	True	True	False	True	False			24.0
ENVO:01000539	mesosphere	True	False	False	False	False	False	False	False	False			
ENVO:01000038	oceanic abyssopelagic zone biome	True	False	False	True	True	True	False	True	False			4.0
ENVO:01000610	motor	True	False	False	False	False	False	False	False	False			
ENVO:01000502	unburnt brick	True	False	False	False	False	False	False	False	False			
ENVO:01000053	marine ultramafic hydrothermal vent biome	True	False	False	True	True	True	False	True	False			9.0
ENVO:01000072	marine Taylor column	True	False	False	True	False	False	False	False	False			
ENVO:00001999	marine water body	True	False	False	True	False	False	False	False	False			94.0
ENVO:01000649	trench	True	False	False	True	False	False	False	False	False			
ENVO:00000143	river bank	True	False	False	True	False	False	False	False	False			25.0
ENVO:00002007	sediment	True	False	False	False	False	False	False	False	True			73.0
ENVO:00000032	bay	True	False	False	True	False	False	False	False	False			4.0
ENVO:01000126	marine sub-littoral zone	True	False	False	True	False	False	False	False	False			
ENVO:01000359	limestone cave	True	False	False	True	False	False	False	False	False			
ENVO:01000447	roadside	True	False	False	True	False	False	False	False	False			
ENVO:01000108	marine cold-water sphere	True	False	False	True	False	False	False	False	False			
ENVO:0000021		False	False	False	False	False	False	False	False	False			24.0
ENVO:03600050	space station	True	False	False	False	False	False	False	False	False			1.0
ENVO:01000396	tropical sclerophyllous dry forest	True	False	False	True	True	False	False	False	False			
ENVO:01001833	mediterranean biome	True	False	False	True	True	True	False	False	False			
ENVO:01001267	stormwater	True	False	False	False	False	False	False	False	True			8.0
ENVO:01000226	subtropical moist broadleaf forest biome	True	False	False	True	True	True	True	False	False			
ENVO:01000630	acidification of an aquatic environment	True	False	False	False	False	False	False	False	False			
ENVO:01000468	fence	True	False	False	True	False	False	False	False	False			
ENVO:01001837	subalpine biome	True	False	False	True	True	True	False	False	False			
ENVO:01000442	dacite	True	False	False	False	False	False	False	False	True			
ENVO:01000348	maize field	True	False	False	True	False	False	False	False	False			
ENVO:01000287	polymictic lake	True	False	False	True	False	False	False	False	False			
ENVO:01000297	freshwater river	True	False	False	True	False	False	False	False	False			577.0
ENVO:01000308	extraterrestrial environment	True	False	False	False	True	False	False	False	False			
ENVO:00002041	obsolete ground water	True	True	False	False	False	False	False	False	False			3.0
ENVO:00002034	biofilm	True	False	False	False	False	False	False	False	False			104.0
ENVO:00002200	sea ice	True	False	False	False	False	False	False	False	True			18.0
ENVO:01000606	cart	True	False	False	False	False	False	False	False	False			
ENVO:01000707	coastal flooding	True	False	False	False	False	False	False	False	False			
ENVO:01000450	salt glacier	True	False	False	True	False	False	False	False	False			
ENVO:01000407	littoral zone	True	False	False	True	True	False	False	False	False			
ENVO:01001836	montane biome	True	False	False	True	True	True	False	False	False			
ENVO:01000291	cold polymictic lake	True	False	False	True	False	False	False	False	False			
ENVO:01000284	amictic lake	True	False	False	True	False	False	False	False	False			
ENVO:01000074	oceanic gyre	True	False	False	True	False	False	False	False	False			
ENVO:01000636	liquid planetary surface	True	False	False	True	False	False	False	False	False			
ENVO:01000249	urban biome	True	False	False	True	True	True	False	False	False			63.0
ENVO:01000739	habitat	True	False	False	True	True	False	False	False	False			7.0
ENVO:01000167	determinate root nodule	True	False	False	False	False	False	False	False	False			
ENVO:00002012	hypersaline water	True	False	False	False	False	False	False	False	True			1.0
ENVO:01000263	cold seep	True	False	False	True	False	False	False	False	False			6.0
ENVO:01000424	patio	True	False	False	True	False	False	False	False	False			
ENVO:01000077	marine pycnocline	True	False	False	True	False	False	False	False	False			
ENVO:01000191	subtropical grassland biome	True	False	False	True	True	True	True	False	False			
ENVO:00000455	tarn	True	False	False	True	False	False	False	False	False			1.0
ENVO:01000588	sofa	True	False	False	False	False	False	False	False	False			
ENVO:01000089	shelf-slope/shelf-break front	True	False	False	False	False	False	False	False	False			
ENVO:01001804	subtropical forest	True	False	False	True	True	False	False	False	False			2.0
ENVO:01000677	earthquake	True	False	False	False	False	False	False	False	False			
ENVO:01000645	solid planetary core	True	False	False	True	False	False	False	False	False			
ENVO:00000450	irrigation reservoir	True	False	False	True	False	False	False	False	False			2.0
ENVO:2017081512		False	False	False	False	False	False	False	False	False			
ENVO:03605007	freshwater stream	True	False	False	True	False	False	False	False	False			103.0
ENVO:00002173	hospital	True	False	False	True	False	False	False	False	False			6.0
ENVO:01000527	flush toilet fixture	True	False	False	False	False	False	False	False	False			
ENVO:01000272	mudstone	True	False	False	False	False	False	False	False	True			
ENVO:03605008	freshwater stream biome	True	False	False	True	True	True	False	True	False	104.0		
ENVO:01000171	indeterminate root nodule nitrogen fixation zone	True	False	False	False	False	False	False	False	False			
ENVO:01000232	felsic lava	True	False	False	False	False	False	False	False	True			
ENVO:01000609	motor boat	True	False	False	False	False	False	False	False	False			
ENVO:00002226	borehole	True	False	False	True	False	False	False	False	False			2.0
ENVO:01000229	mediterranean savanna biome	True	False	False	True	True	True	True	False	False			
ENVO:01000503	burnt-brick exterior wall	True	False	False	True	False	False	False	False	False			
ENVO:01000428	area of rocky shore	True	False	False	True	False	False	False	False	False			16.0
ENVO:01000220	tropical woodland biome	True	False	False	True	True	True	True	False	False			3.0
ENVO:01000169	indeterminate root nodule active meristem	True	False	False	False	False	False	False	False	False			
ENVO:01000315	acidic environment	True	False	False	False	True	False	False	False	False			
ENVO:01000521	batholith	True	False	False	True	False	False	False	False	False			
ENVO:2017111505		False	False	False	False	False	False	False	False	False			
ENVO:01001369	tidal mangrove shrubland	True	False	False	True	True	True	True	False	False			
ENVO:01000163	photophore	True	False	False	False	False	False	False	False	False			
ENVO:01000688	lake coast	True	False	False	True	False	False	False	False	False			
ENVO:00000369	brine pool	True	False	False	True	False	False	False	False	False			25.0
ENVO:01000380	oceanic temperate	True	False	False	False	False	False	False	False	False			
ENVO:01000238	polar	True	False	False	False	False	False	False	False	False			156.0
ENVO:00000447	marine biome	True	False	False	True	True	True	False	True	False			3893.0
ENVO:01000198	mixed forest biome	True	False	False	True	True	True	True	False	False			
ENVO:01000069	mesoscale marine eddy	True	False	False	True	False	False	False	False	False			
ENVO:01000346	lower montane	True	False	False	False	False	False	False	False	False			
ENVO:00000449	drinking water reservoir	True	False	False	True	False	False	False	False	False			545.0
ENVO:00000091	beach	True	False	False	True	False	False	False	False	False			3.0
ENVO:01000138	plant matter fall	True	False	False	False	False	False	False	False	False			
ENVO:01000122	marine hydrothermal vent	True	False	False	True	False	False	False	False	False			8.0
ENVO:01000416	ultrafine respirable suspended particulate matter	True	False	False	False	False	False	False	False	True			
ENVO:01000412	circalittoral zone	True	False	False	True	False	False	False	False	False			
ENVO:01000628	plant litter	True	False	False	False	False	False	False	False	True			
ENVO:00000291	drainage basin	True	False	False	True	False	False	False	False	False			697.0
ENVO:00000081	mountain	True	False	False	True	False	False	False	False	False			76.0
ENVO:01001179	cnidarian-associated environment	True	False	False	False	True	False	False	False	False			8.0
ENVO:01000366	talus cave	True	False	False	True	False	False	False	False	False			
ENVO:01000137	organic matter fall	True	False	False	False	False	False	False	False	False			
ENVO:01000073	marine oligotrophic desert	True	False	False	True	False	False	False	False	False			
ENVO:01000344	nival	True	False	False	False	False	False	False	False	False			
ENVO:00010483	environmental material	True	False	False	False	False	False	False	False	True			351.0
ENVO:01000360	solutional cave	True	False	False	True	False	False	False	False	False			
ENVO:01000378	arid subtropical	True	False	False	False	False	False	False	False	False			
ENVO:01000421	indoor kitchen	True	False	False	True	False	False	False	False	False			
ENVO:01000500	brick exterior wall	True	False	False	True	False	False	False	False	False			
ENVO:01000096	water mass front	True	False	False	False	False	False	False	False	False			
ENVO:01000135	nitrate-reducing sediment	True	False	False	False	False	False	False	False	True			
ENVO:01000082	biogenous sediment	True	False	False	False	False	False	False	False	True			
ENVO:01000081	pelagic isohaline surface	True	False	False	True	False	False	False	False	False			
ENVO:01000130	marine hydrothermal plume	True	False	False	True	False	False	False	False	False			
ENVO:01000002	water well	True	False	False	True	False	False	False	False	False			1.0
ENVO:01000352	field	True	False	False	True	False	False	False	False	False			20.0
CHEBI:15377	water	False	False	False	False	False	False	False	False	False			1121.0
ENVO:01001020	hypersaline lake	True	False	False	True	False	False	False	False	False			3.0
ENVO:01000456	concrete masonry unit	True	False	False	False	False	False	False	False	False			
ENVO:01000486	building floor	True	False	False	True	False	False	False	False	False			
ENVO:01000490	sandy building floor	True	False	False	True	False	False	False	False	False			
ENVO:01000596	clock	True	False	False	False	False	False	False	False	False			
PATO:0001456	anaerobic	False	False	False	False	False	False	False	False	False			101.0
CHEBI:16183	methane	False	False	False	False	False	False	False	False	False			3.0
ENVO:01000475	brick	True	False	False	False	False	False	False	False	False			
ENVO:01000498	pole	True	False	False	False	False	False	False	False	False			
ENVO:01000048	ocean biome	True	False	False	True	True	True	False	True	False			3605.0
ENVO:01000616	motorscooter	True	False	False	False	False	False	False	False	False			
ENVO:00000887	large river biome	True	False	False	True	True	True	False	True	False			74.0
ENVO:00000456	tidewater glacier	True	False	False	False	False	False	False	False	False			1.0
ENVO:01000336	shrub layer	True	False	False	False	False	False	False	False	False			
ENVO:01000372	household waste material	True	False	False	False	False	False	False	False	True			
ENVO:01000547	glaze ice layer	True	False	False	True	False	False	False	False	False			
ENVO:01000392	tropical upper montane forest	True	False	False	True	True	False	False	False	False			9.0
ENVO:00000150	coral reef	True	False	False	True	False	False	False	False	False			966.0
ENVO:01000565	lantern	True	False	False	False	False	False	False	False	False			
ENVO:01000247	rangeland biome	True	False	False	True	True	True	True	False	False			
ENVO:01000518	diapir	True	False	False	True	False	False	False	False	False			
ENVO:01000215	temperate shrubland biome	True	False	False	True	True	True	True	False	False			
ENVO:01000698	debris flow	True	False	False	False	False	False	False	False	False			
ENVO:01000666	area of open water	True	False	False	True	False	False	False	False	False			
ENVO:2017081502		False	False	False	False	False	False	False	False	False			
ENVO:01000639	planetary structural layer	True	False	False	True	False	False	False	False	False			
ENVO:01000681	sodium chloride salt	True	False	False	False	False	False	False	False	True			
ENVO:00000109	woodland area	True	False	False	True	False	False	False	False	False			285.0
ENVO:00000153	headwater	True	False	False	True	False	False	False	False	False			14.0
ENVO:01000197	broadleaf forest biome	True	False	False	True	True	True	True	False	False			
ENVO:00002116	contaminated soil	True	False	False	True	False	False	False	False	True			1.0
ENVO:01000374	dry woodland	True	False	False	True	True	False	False	False	False			
ENVO:01000259	pycnocline	True	False	False	False	False	False	False	False	False			
ENVO:01000206	temperate	True	False	False	False	False	False	False	False	False			449.0
ENVO:01001684	interface layer	True	False	False	False	False	False	False	False	False			4.0
ENVO:01000251	subpolar	True	False	False	False	False	False	False	False	False			138.0
ENVO:00000086	plain	True	False	False	True	False	False	False	False	False			26.0
ENVO:01000722	meltwater	True	False	False	False	False	False	False	False	True			3.0
ENVO:01000024	marine benthic biome	True	False	False	True	True	True	False	True	False			16.0
ENVO:01000484	container glass	True	False	False	False	False	False	False	False	True			
ENVO:01000614	bicycle	True	False	False	False	False	False	False	False	False			
ENVO:01000321	sea water environment	True	False	False	False	True	False	False	False	False			
ENVO:01000324	planetary surface	True	False	False	True	False	False	False	False	False			
ENVO:01000620	mesocosm	True	False	False	False	False	False	False	False	False			699.0
ENVO:2017111502		False	False	False	False	False	False	False	False	False			
ENVO:03600015	polluted river	True	False	False	True	False	False	False	False	False			18.0
ENVO:01000271	clastic sedimentary rock	True	False	False	False	False	False	False	False	True			
ENVO:01000581	mobile phone	True	False	False	False	False	False	False	False	False			
ENVO:01000548	eutrophic lake	True	False	False	True	False	False	False	False	False			34.0
ENVO:2017081505		False	False	False	False	False	False	False	False	False			
ENVO:01000474	brick material	True	False	False	False	False	False	False	False	True			
ENVO:01000340	alpine	True	False	False	False	False	False	False	False	False			62.0
ENVO:01000641	planetary core	True	False	False	True	False	False	False	False	False			
ENVO:01000694	geological subsidence	True	False	False	False	False	False	False	False	False			
ENVO:01000710	flood	True	False	False	True	False	False	False	False	False			1.0
ENVO:00000096	caldera	True	False	False	True	False	False	False	False	False			4.0
ENVO:01000355	vegetation layer	True	False	False	False	False	False	False	False	False			
ENVO:01000856	temperate marginal sea biome	True	False	False	True	True	True	False	True	False			
ENVO:01000601	motor vehicle	True	False	False	False	False	False	False	False	False			
ENVO:01000659	igneous intrusion	True	False	False	True	False	False	False	False	False			
ENVO:01000156	biofilm material	True	False	False	False	False	False	False	False	True			
ENVO:01000679	megathrust earthquake	True	False	False	False	False	False	False	False	False			
ENVO:0002		False	False	False	False	False	False	False	False	False			48.0
ENVO:00000100	valley	True	False	False	True	False	False	False	False	False			21.0
ENVO:01000125	marine littoral zone	True	False	False	True	True	False	False	False	False			
ENVO:01000499	pole-reinforced mud exterior wall	True	False	False	True	False	False	False	False	False			
ENVO:00000199	meromictic lake	True	False	False	True	False	False	False	False	False			148.0
ENVO:01000611	bus	True	False	False	False	False	False	False	False	False			
ENVO:00002185	oil reservoir	True	False	False	True	False	False	False	False	False			18.0
ENVO:01000406	snow	True	False	False	False	False	False	False	False	True			31.0
ENVO:01000236	basalt	True	False	False	False	False	False	False	False	True			
ENVO:01000857	temperate mediterranean sea biome	True	False	False	True	True	True	False	True	False			
ENVO:01000860	temperate marine upwelling biome	True	False	False	True	True	True	False	True	False			50.0
ENVO:01000136	drop stone	True	False	False	True	False	False	False	False	False			
ENVO:01000566	lamp	True	False	False	False	False	False	False	False	False			
ENVO:01000485	quartz glass	True	False	False	False	False	False	False	False	True			
ENVO:2018051511		False	False	False	False	False	False	False	False	False			
ENVO:00000264	seamount	True	False	False	True	False	False	False	False	False			39.0
ENVO:00000039	fjord	True	False	False	True	False	False	False	False	False			3.0
ENVO:01000307	saline water environment	True	False	False	False	True	False	False	False	False			
ENVO:01000562	flat-wick lamp	True	False	False	False	False	False	False	False	False			
ENVO:01000668	geological fault	True	False	False	True	False	False	False	False	False			
ENVO:01000437	lava field	True	False	False	True	False	False	False	False	False			
ENVO:00000219	landlocked sea	True	False	False	True	False	False	False	False	False			3.0
ENVO:01000332	gravelly slope	True	False	False	True	False	False	False	False	False			
ENVO:01000377	humid subtropical	True	False	False	False	False	False	False	False	False			5.0
ENVO:01000184	subtropical desert biome	True	False	False	True	True	True	False	False	False			
ENVO:01000549	mass of biological material	True	False	False	False	False	False	False	False	False			
ENVO:01000337	herb and fern layer	True	False	False	False	False	False	False	False	False			
ENVO:01000223	montane savanna biome	True	False	False	True	True	True	True	False	False			
ENVO:01000040	oceanic benthopelagic zone biome	True	False	False	True	True	True	False	True	False			48.0
ENVO:01000338	litter layer	True	False	False	False	False	False	False	False	False			
ENVO:00000366	area designated as a national nature reserve	True	False	False	False	False	False	False	False	False			2.0
ENVO:01000311	cultivated environment	True	False	False	False	True	False	False	False	False			
ENVO:01000029	marine reef biome	True	False	False	True	True	True	False	True	False			
ENVO:2018051504		False	False	False	False	False	False	False	False	False			
ENVO:01000283	lake layer	True	False	False	True	False	False	False	False	False			
ENVO:01000554	hydrocarbon gas	True	False	False	False	False	False	False	False	True			
ENVO:01000212	temperate mixed forest biome	True	False	False	True	True	True	True	False	False			11.0
ENVO:01000444	dacitic lava	True	False	False	False	False	False	False	False	True			
ENVO:01000150	marine subtidal rocky reef	True	False	False	True	False	False	False	False	False			
ENVO:01000448	mixed grassland	True	False	False	True	True	False	False	False	False			
ENVO:01000254	environmental system	True	False	False	False	True	False	False	False	False		49518.0	567.0
ENVO:01000209	subtropical coniferous forest biome	True	False	False	True	True	True	True	False	False			
ENVO:01000237	coastal scrubland	True	False	False	True	False	False	False	False	False			
ENVO:01000067	marine current	True	False	False	True	False	False	False	False	False			
ENVO:00012408	aquifer	True	False	False	False	False	False	False	False	False			581.0
ENVO:01000066	marine anoxic zone	True	False	False	True	False	False	False	False	False			
ENVO:01000519	latrine	True	False	False	False	False	False	False	False	False			
ENVO:01001443	usage of an environment for recreation	True	False	False	False	False	False	False	False	False			1.0
ENVO:01000533	covered pit latrine with slab floor	True	False	False	True	False	False	False	False	False			
ENVO:01000576	apiary	True	False	False	False	True	False	False	False	False			
ENVO:00000130	rocky reef	True	False	False	True	False	False	False	False	False			99.0
ENVO:01000605	car	True	False	False	False	False	False	False	False	False			
ENVO:01000467	constructed barrier	True	False	False	True	False	False	False	False	False			
ENVO:2017111511		False	False	False	False	False	False	False	False	False			
ENVO:00000067	cave	True	False	False	True	False	False	False	False	False			7.0
ENVO:01000302	outcrop	True	False	False	True	False	False	False	False	False			
ENVO:01001811	temperate grassland	True	False	False	True	True	False	False	False	False			2.0
ENVO:01000092	equatorial upwelling front	True	False	False	False	False	False	False	False	False			
PATO:0001472	decreased depth	False	False	False	False	False	False	False	False	False			6.0
ENVO:01000567	paraffin lantern	True	False	False	False	False	False	False	False	False			
ENVO:01000196	coniferous forest biome	True	False	False	True	True	True	True	False	False			
ENVO:01000590	mattress	True	False	False	False	False	False	False	False	False			
ENVO:01000240	conifer woodland	True	False	False	True	True	False	False	False	False			
ENVO:01000430	broadleaf forest	True	False	False	True	True	False	False	False	False			
ENVO:01000153	sulphate-reducing sediment	True	False	False	False	False	False	False	False	True			
ENVO:00000393	sound	True	False	False	True	False	False	False	False	False			20.0
ENVO:01000145	marine coral reef back reef	True	False	False	True	False	False	False	False	False			
ENVO:01000556	biogas	True	False	False	False	False	False	False	False	True			
ENVO:2018051512		False	False	False	False	False	False	False	False	False			
ENVO:01000436	waterborne particulate matter	True	False	False	False	False	False	False	False	True			
ENVO:00000175	karst	True	False	False	True	False	False	False	False	False			330.0
ENVO:00000146	snow field	True	False	False	True	False	False	False	False	False			3.0
ENVO:01000071	oceanic front	True	False	False	False	False	False	False	False	False			
ENVO:01000427	carbon nanotube enriched soil	True	False	False	True	False	False	False	False	True			
ENVO:01000230	arid	True	False	False	False	False	False	False	False	False			
ENVO:00000013	cave system	True	False	False	True	False	False	False	False	False			6.0
ENVO:01000078	marine nutricline	True	False	False	True	False	False	False	False	False			
