curie	label	envo_native	obsolete	legacy_pv	abp	env_sys	biome	terrestrial_biome	aquatic_biome	env_mat	nmdc_ebs_count	gold_ebs_count	ncbi_ebs_count
ENVO:01000025	marine neritic benthic zone biome	True	False	False	True	True	True	False	True	False			
ENVO:00000381	massif	True	False	False	True	False	False	False	False	False			1.0
ENVO:00000262	steppe	True	False	False	True	False	False	False	False	False			1.0
ENVO:00000265	guyot	True	False	False	True	False	False	False	False	False			1.0
ENVO:01000385	temperate deciduous broadleaf forest	True	False	False	True	True	False	False	False	False			22.0
ENVO:00003862	dairy	True	False	False	True	False	False	False	False	False			
ENVO:01000431	mixed forest	True	False	False	True	True	False	False	False	False			16.0
ENVO:01001405	laboratory environment	True	False	False	False	True	False	False	False	False			185.0
ENVO:00000207	oceanic zone	True	False	False	True	False	False	False	False	False			1.0
ENVO:00000277	dry lake	True	False	False	True	False	False	False	False	False			1.0
ENVO:00000194	scree	True	False	False	False	False	False	False	False	True			1.0
ENVO:00000887	large river biome	True	False	False	True	True	True	False	True	False			
ENVO:01000536	factory	True	False	False	True	False	False	False	False	False			30.0
ENVO:00000334	syngenetic karst	True	False	False	True	False	False	False	False	False			1.0
ENVO:01001455	temperate mountain	True	False	False	True	False	False	False	False	False			24.0
ENVO:00000138	cove	True	False	False	True	False	False	False	False	False			12.0
ENVO:01000127	marine cold seep biome	True	False	False	True	True	True	False	True	False			
ENVO:00000310	meteor impact crater	True	False	False	True	False	False	False	False	False			1.0
ENVO:01000047	mediterranean sea biome	True	False	False	True	True	True	False	True	False			
ENVO:00000272	confluence	True	False	False	True	False	False	False	False	False			1.0
ENVO:00000352	continental arc	True	False	False	True	False	False	False	False	False			1.0
ENVO:00000215	hydrothermal vent	True	False	False	True	False	False	False	False	False			1.0
ENVO:02000008	cell culture	True	False	False	False	False	False	False	False	True			18.0
ENVO:00000212	marine abyssalpelagic zone	True	False	False	True	False	False	False	False	False			1.0
ENVO:01001230	tropical marginal sea biome	True	False	False	True	True	True	False	True	False			
ENVO:01000180	tundra biome	True	False	False	True	True	True	True	False	False			341.0
ENVO:01001110	ecosystem	True	False	False	False	True	False	False	False	False			248.0
ENVO:00000363	area designated as a nature reserve	True	False	False	False	False	False	False	False	False			161.0
ENVO:01000447	roadside	True	False	False	True	False	False	False	False	False			10.0
ENVO:00000266	pasture	True	False	False	True	True	False	False	False	False			1.0
ENVO:01000311	cultivated environment	True	False	False	False	True	False	False	False	False			79.0
ENVO:01000026	marine bathyal zone biome	True	False	False	True	True	True	False	True	False			
ENVO:00000450	irrigation reservoir	True	False	False	True	False	False	False	False	False			1.0
ENVO:00000201	fjord lake	True	False	False	True	False	False	False	False	False			1.0
ENVO:00000271	chott	True	False	False	True	False	False	False	False	False			1.0
ENVO:01000023	marine pelagic biome	True	False	False	True	True	True	False	True	False			
ENVO:01000221	temperate woodland biome	True	False	False	True	True	True	True	False	False			334.0
ENVO:00000254	till plain	True	False	False	True	False	False	False	False	False			1.0
ENVO:01001305	vegetated area	True	False	False	True	False	False	False	False	False			166.0
ENVO:01000223	montane savanna biome	True	False	False	True	True	True	True	False	False			
ENVO:01000218	xeric shrubland biome	True	False	False	True	True	True	True	False	False			
ENVO:00000214	hadalpelagic zone	True	False	False	True	False	False	False	False	False			1.0
ENVO:00000202	oxbow lake	True	False	False	True	False	False	False	False	False			1.0
ENVO:00000346	grain of acid dune sand	True	False	False	True	False	False	False	False	False			1.0
ENVO:00000279	saline pan	True	False	False	True	False	False	False	False	False			1.0
ENVO:00000340	particle of sand	True	False	False	False	False	False	False	False	False			1.0
ENVO:00000255	flood plain	True	False	False	True	False	False	False	False	False			1.0
PO:0025034	leaf	False	False	False	False	False	False	False	False	False			74.0
ENVO:00002116	contaminated soil	True	False	False	True	False	False	False	False	True			24.0
ENVO:00000384	river bed	True	False	False	True	False	False	False	False	False			1.0
ENVO:00000257	flood fringe	True	False	False	True	False	False	False	False	False			1.0
ENVO:00000223	continental shelf	True	False	False	True	False	False	False	False	False			1.0
ENVO:06105013	marine biota	True	False	False	False	False	False	False	False	False			8.0
ENVO:00000218	black smoker	True	False	False	True	False	False	False	False	False			1.0
ENVO:01000029	marine reef biome	True	False	False	True	True	True	False	True	False			
ENVO:00000078	farm	True	False	False	False	True	False	False	False	False			2372.0
ENVO:01000184	subtropical desert biome	True	False	False	True	True	True	False	False	False			
ENVO:00000318	high tide zone	True	False	False	True	False	False	False	False	False			1.0
ENVO:00003864	bakery	True	False	False	True	False	False	False	False	False			
ENVO:00000261	savanna	True	False	False	True	False	False	False	False	False			10.0
ENVO:01001805	temperate forest	True	False	False	True	True	False	False	False	False			1351.0
ENVO:01000211	temperate coniferous forest biome	True	False	False	True	True	True	True	False	False			
CHEBI:24866	salt	False	False	False	False	False	False	False	False	False			16.0
ENVO:00000890	small river biome	True	False	False	True	True	True	False	True	False			
ENVO:00000437	Nye channel	True	False	False	True	False	False	False	False	False			1.0
ENVO:00000856	city	True	False	False	True	True	False	False	False	False			135.0
ENVO:00000477	mount	True	False	False	True	False	False	False	False	False			77.0
NCBITaxon:1	root	False	False	False	False	False	False	False	False	False			321.0
ENVO:00000081	mountain	True	False	False	True	False	False	False	False	False			26.0
ENVO:00000241	tidal mudflat	True	False	False	False	True	False	False	False	False			1.0
ENVO:00000327	speleothem	True	False	False	True	False	False	False	False	False			1.0
ENVO:00000382	lake shore	True	False	False	True	False	False	False	False	False			1.0
ENVO:00000273	continental slope	True	False	False	True	False	False	False	False	False			1.0
ENVO:00000341	piece of gravel	True	False	False	False	False	False	False	False	False			1.0
PO:0009011	plant structure	False	False	False	False	False	False	False	False	False			8.0
ENVO:01000860	temperate marine upwelling biome	True	False	False	True	True	True	False	True	False			
ENVO:00000332	doline	True	False	False	True	False	False	False	False	False			1.0
ENVO:01001001	plant-associated environment	True	False	False	False	True	False	False	False	False			31.0
ENVO:01003002	particle	True	False	False	False	False	False	False	False	False			126.0
ENVO:00000350	somma volcano	True	False	False	True	False	False	False	False	False			1.0
ENVO:01000039	oceanic hadal pelagic zone biome	True	False	False	True	True	True	False	True	False			
ENVO:01000200	tropical broadleaf forest biome	True	False	False	True	True	True	True	False	False			
ENVO:00000077	agricultural ecosystem	True	False	False	False	True	False	False	False	False			1386.0
ENVO:00000361	site of special scientific interest	True	False	False	False	False	False	False	False	False			1.0
ENVO:00000371	complex volcano	True	False	False	True	False	False	False	False	False			1.0
ENVO:00002040	wood	True	False	False	False	False	False	False	False	True			254.0
ENVO:00000374	wildlife management area	True	False	False	False	False	False	False	False	False			1.0
ENVO:00000242	lacustrine mudflat	True	False	False	False	True	False	False	False	False			1.0
ENVO:00000305	peninsula	True	False	False	True	False	False	False	False	False			1.0
ENVO:01000036	oceanic mesopelagic zone biome	True	False	False	True	True	True	False	True	False			
ENVO:01000248	dense settlement biome	True	False	False	True	True	True	False	False	False			24.0
ENVO:00000200	periglacial lake	True	False	False	True	False	False	False	False	False			1.0
ENVO:00000228	inverse estuary	True	False	False	True	False	False	False	False	False			1.0
FOODON:00001151	citrus fruit food product	False	False	False	False	False	False	False	False	True			174.0
ENVO:00000365	Ramsar site	True	False	False	False	False	False	False	False	False			1.0
ENVO:01000246	village biome	True	False	False	True	True	True	False	False	False			36.0
ENVO:00000298	marine iceberg	True	False	False	True	False	False	False	False	False			1.0
ENVO:00000376	biosphere reserve	True	False	False	False	False	False	False	False	False			1.0
ENVO:00000335	polygonal karst	True	False	False	True	False	False	False	False	False			1.0
ENVO:00000258	alluvial plain	True	False	False	True	False	False	False	False	False			1.0
ENVO:00003865		False	False	False	False	False	False	False	False	False			
ENVO:00000449	drinking water reservoir	True	False	False	True	False	False	False	False	False			1.0
ENVO:01000242	desert scrubland	True	False	False	True	False	False	False	False	False			12.0
ENVO:000000428		False	False	False	False	False	False	False	False	False			1.0
ENVO:00000134	permafrost	True	False	False	False	False	False	False	False	True			35.0
ENVO:00003018	obsolete Mediterranean Division - Mountain Provinces (M260)	True	True	False	False	False	False	False	False	False			60.0
CHEBI:37527	acid	False	False	False	False	False	False	False	False	False			2.0
ENVO:00000386	river mouth	True	False	False	True	False	False	False	False	False			1.0
ENVO:01001836	montane biome	True	False	False	True	True	True	False	False	False			
ENVO:00000355	monogenetic volcanic field	True	False	False	True	False	False	False	False	False			1.0
ENVO:00000891	large freshwater lake biome	True	False	False	True	True	True	False	True	False			
ENVO:00010483	environmental material	True	False	False	False	False	False	False	False	True			6.0
ENVO:01000389	temperate mixed broadleaf forest	True	False	False	True	True	False	False	False	False			37.0
ENVO:01000188	tropical savanna biome	True	False	False	True	True	True	True	False	False			
ENVO:03600087	greenhouse	True	False	False	True	False	False	False	False	False			454.0
ENVO:00000440	rock shelter	True	False	False	True	False	False	False	False	False			1.0
ENVO:00000231	moor	True	False	False	False	True	False	False	False	False			1.0
ENVO:00000162	tea plantation	True	False	False	True	True	False	False	False	False			1.0
ENVO:00000080	mountain range	True	False	False	True	False	False	False	False	False			1.0
ENVO:00000239	pocasin	True	False	False	False	True	False	False	False	False			1.0
ENVO:00000238	fluvial dambo	True	False	False	False	True	False	False	False	False			1.0
ENVO:01001505	alpine tundra biome	True	False	False	True	True	True	True	False	False			
ENVO:00000357	lock	True	False	False	True	False	False	False	False	False			1.0
ENVO:00000044	peatland	True	False	False	False	True	False	False	False	False			202.0
ENVO:00000232	fen	True	False	False	False	True	False	False	False	False			1.0
ENVO:00000323	live cave	True	False	False	True	False	False	False	False	False			1.0
ENVO:00000436	tunnel valley	True	False	False	True	False	False	False	False	False			1.0
ENVO:00000237	hydromorphic/phreatic dambo	True	False	False	False	True	False	False	False	False			1.0
ENVO:01001442	agriculture	True	False	False	False	False	False	False	False	False	192.0		1.0
PATO:0045093	south	False	False	False	False	False	False	False	False	False			89.0
ENVO:00000435	proglacial lake	True	False	False	True	False	False	False	False	False			1.0
ENVO:00000219	landlocked sea	True	False	False	True	False	False	False	False	False			1.0
ENVO:01000179	desert biome	True	False	False	True	True	True	False	False	False			
ENVO:01000209	subtropical coniferous forest biome	True	False	False	True	True	True	True	False	False			
ENVO:01000227	tropical dry broadleaf forest biome	True	False	False	True	True	True	True	False	False			
ENVO:01000251	subpolar	True	False	False	False	False	False	False	False	False			37.0
ENVO:00000230	coastal wetland ecosystem	True	False	False	False	True	False	False	False	False			1.0
ENVO:00000172	sandy desert	True	False	False	True	False	False	False	False	False			793.0
ENVO:01000128	dilution basin mediterranean sea biome	True	False	False	True	True	True	False	True	False			
FOODON:00001181	food (cooked)	False	False	False	False	False	False	False	False	True			1.0
ENVO:00000098	island	True	False	False	True	False	False	False	False	False			43.0
ENVO:01000229	mediterranean savanna biome	True	False	False	True	True	True	True	False	False			
ENVO:00000364	national wildlife refuge	True	False	False	False	False	False	False	False	False			1.0
ENVO:00000225	highly stratified estuary	True	False	False	True	False	False	False	False	False			1.0
ENVO:01000202	temperate broadleaf forest biome	True	False	False	True	True	True	True	False	False			
ENVO:00000320	crevasse	True	False	False	True	False	False	False	False	False			1.0
ENVO:00000253	scroll plane	True	False	False	True	False	False	False	False	False			1.0
ENVO:01000253	freshwater river biome	True	False	False	True	True	True	False	True	False			
ENVO:00000197	endorheic lake	True	False	False	True	False	False	False	False	False			1.0
ENVO:01001243	forest ecosystem	True	False	False	True	True	False	False	False	False			171.0
ENVO:00000447	marine biome	True	False	False	True	True	True	False	True	False			3.0
ENVO:00000291	drainage basin	True	False	False	True	False	False	False	False	False			1.0
ENVO:00000362	marine park area	True	False	False	False	False	False	False	False	False			1.0
ENVO:00000389	intermittent wetland	True	False	False	False	True	False	False	False	False			1.0
ENVO:00000433	kame terrace	True	False	False	True	False	False	False	False	False			1.0
ENVO:00000170	dune	True	False	False	True	False	False	False	False	False			80.0
ENVO:00002150	coastal sea water	True	False	False	False	False	False	False	False	True			576.0
NCBITaxon:2157	Archaea	False	False	False	False	False	False	False	False	False			1.0
ENVO:01000020	estuarine biome	True	False	False	True	True	True	False	True	False			67.0
ENVO:00000337	obsolete orange juice	True	True	False	False	False	False	False	False	False			1.0
ENVO:00000117	plantation	True	False	False	True	True	False	False	False	False			36.0
ENVO:00000217	solfatara	True	False	False	True	False	False	False	False	False			1.0
ENVO:01000856	temperate marginal sea biome	True	False	False	True	True	True	False	True	False			
ENVO:00001998	soil	True	False	False	True	False	False	False	False	True			1361.0
ENVO:00000203	rift lake	True	False	False	True	False	False	False	False	False			1.0
ENVO:00000114	agricultural field	True	False	False	True	False	False	False	False	False			1486.0
ENVO:00000220	archipelago	True	False	False	True	False	False	False	False	False			1.0
ENVO:00000057	mangrove swamp	True	False	False	False	True	False	False	False	False			245.0
ENVO:00000889	large river delta biome	True	False	False	True	True	True	False	True	False			
ENVO:01000045	epeiric sea biome	True	False	False	True	True	True	False	True	False			
ENVO:00000324	outflow cave	True	False	False	True	False	False	False	False	False			1.0
ENVO:01001456	tropical mountain	True	False	False	True	False	False	False	False	False			47.0
ENVO:00000297	paddy field	True	False	False	True	False	False	False	False	False			4.0
ENVO:01000280	ecozone	True	False	False	True	True	False	False	False	False			6.0
ENVO:01000214	tropical shrubland biome	True	False	False	True	True	True	True	False	False			
ENVO:00000234	bayou	True	False	False	True	False	False	False	False	False			1.0
ENVO:01000208	mediterranean woodland biome	True	False	False	True	True	True	True	False	False			182.0
CHEBI:33290	food	False	False	False	False	False	False	False	False	False			84.0
ENVO:010002510251		False	False	False	False	False	False	False	False	False			235.0
ENVO:01000174	forest biome	True	False	False	True	True	True	True	False	False			7107.0
ENVO:00000888	large river headwater biome	True	False	False	True	True	True	False	True	False			
ENVO:00000317	tidal pool	True	False	False	True	False	False	False	False	False			1.0
ENVO:00002149	sea water	True	False	False	False	False	False	False	False	True			7.0
ENVO:00000328	vadose zone	True	False	False	False	False	False	False	False	False			1.0
ENVO:01000241	juniper woodland	True	False	False	True	True	False	False	False	False			28.0
ENVO:01001833	mediterranean biome	True	False	False	True	True	True	False	False	False			223.0
ENVO:01000176	shrubland biome	True	False	False	True	True	True	True	False	False			
ENVO:00000367	IUCN national park	True	False	False	False	False	False	False	False	False			1.0
ENVO:01000710	flood	True	False	False	True	False	False	False	False	False			12.0
ENVO:00000251	ground moraine	True	False	False	True	False	False	False	False	False			1.0
ENVO:00000246	volcanic crater	True	False	False	True	False	False	False	False	False			1.0
ENVO:00000222	oceanic island	True	False	False	True	False	False	False	False	False			1.0
ENVO:01000201	subtropical broadleaf forest biome	True	False	False	True	True	True	True	False	False			
ENVO:01000892	area of cropland	True	False	False	True	False	False	False	False	False			177.0
ENVO:01000696	mass wasting flow	True	False	False	False	False	False	False	False	False			6.0
ENVO:01001803	tropical forest	True	False	False	True	True	False	False	False	False			717.0
ENVO:01000628	plant litter	True	False	False	False	False	False	False	False	True			27.0
ENVO:00000358	area of protected biodiversity	True	False	False	False	False	False	False	False	False			1.0
ENVO:00000221	continental island	True	False	False	True	False	False	False	False	False			1.0
ENVO:01000177	grassland biome	True	False	False	True	True	True	True	False	False			174.0
ENVO:01000193	temperate grassland biome	True	False	False	True	True	True	True	False	False			
ENVO:01000034	oceanic sea surface microlayer biome	True	False	False	True	True	True	False	True	False			
ENVO:01000219	anthropogenic terrestrial biome	True	False	False	True	True	True	True	False	False			826.0
ENVO:00000308	dune slack	True	False	False	True	False	False	False	False	False			1.0
ENVO:00000233	swamp ecosystem	True	False	False	False	True	False	False	False	False			1.0
ENVO:01000189	temperate savanna biome	True	False	False	True	True	True	True	False	False			
ENVO:01000854	tropical marine coral reef biome	True	False	False	True	True	True	False	True	False			
ENVO:00000302	rift valley	True	False	False	True	False	False	False	False	False			1.0
ENVO:01001304	oasis	True	False	False	True	False	False	False	False	False			105.0
ENVO:00000268	lake bed	True	False	False	True	False	False	False	False	False			1.0
ENVO:01000032	neritic pelagic zone biome	True	False	False	True	True	True	False	True	False			
ENVO:00000388	obsolete intermittent watercourse	True	True	False	False	False	False	False	False	False			1.0
ENVO:00000345	grain of beach sand	True	False	False	True	False	False	False	False	False			1.0
ENVO:01001177	arable land	True	False	False	True	False	False	False	False	False			48.0
ENVO:01000175	woodland biome	True	False	False	True	True	True	True	False	False			
ENVO:01001044	soil environment	True	False	False	True	True	False	False	False	False			1064.0
ENVO:00000264	seamount	True	False	False	True	False	False	False	False	False			1.0
ENVO:00000301	chaparral area	True	False	False	True	False	False	False	False	False			1.0
ENVO:00000304	shore	True	False	False	True	False	False	False	False	False			1.0
ENVO:01000123	marine sponge reef biome	True	False	False	True	True	True	False	True	False			
ENVO:01000206	temperate	True	False	False	False	False	False	False	False	False			1266.0
ENVO:01000349	root matter	True	False	False	False	False	False	False	False	True			175.0
ENVO:00000445	transvasement	True	False	False	True	False	False	False	False	False			1.0
NCBITaxon:2	Bacteria	False	False	False	False	False	False	False	False	False			94.0
ENVO:00000383	stream bed	True	False	False	True	False	False	False	False	False			1.0
ENVO:00000444	woodland clearing	True	False	False	True	False	False	False	False	False			1.0
ENVO:01000247	rangeland biome	True	False	False	True	True	True	True	False	False			
ENVO:00000303	sea coast	True	False	False	True	False	False	False	False	False			4.0
ENVO:00000286	polder	True	False	False	True	False	False	False	False	False			1.0
ENVO:01000313	anthropogenic environment	True	False	False	False	True	False	False	False	False			2680.0
ENVO:00000227	obsolete vertically mixed estuary	True	True	False	False	False	False	False	False	False			1.0
ENVO:01000857	temperate mediterranean sea biome	True	False	False	True	True	True	False	True	False			
ENVO:00000199	meromictic lake	True	False	False	True	False	False	False	False	False			1.0
ENVO:00000380	ice shelf	True	False	False	True	False	False	False	False	False			1.0
ENVO:01000339	polar biome	True	False	False	True	True	True	False	False	False			
ENVO:01000635	planetary landmass	True	False	False	True	False	False	False	False	False			14.0
ENVO:01000199	mediterranean forest biome	True	False	False	True	True	True	True	False	False			
ENVO:00000451	amenity lake	True	False	False	True	False	False	False	False	False			1.0
ENVO:00000873	freshwater biome	True	False	False	True	True	True	False	True	False			70.0
ENVO:01000858	marine upwelling biome	True	False	False	True	True	True	False	True	False			
ENVO:00000108	meadow ecosystem	True	False	False	True	True	False	False	False	False			68.0
ENVO:00000252	terminal moraine	True	False	False	True	False	False	False	False	False			1.0
ENVO:01000155	organic material	True	False	False	False	False	False	False	False	True			27.0
ENVO:00003030	silage	True	False	False	False	False	False	False	False	True			52.0
ENVO:01000027	marine abyssal zone biome	True	False	False	True	True	True	False	True	False			
ENVO:00000287	butte	True	False	False	True	False	False	False	False	False			1.0
ENVO:01000030	marine hydrothermal vent biome	True	False	False	True	True	True	False	True	False			
ENVO:01000191	subtropical grassland biome	True	False	False	True	True	True	True	False	False			
ENVO:01000222	subtropical woodland biome	True	False	False	True	True	True	True	False	False			
ENVO:01000888	area of gramanoid or herbaceous vegetation	True	False	False	True	False	False	False	False	False			20.0
ENVO:01001811	temperate grassland	True	False	False	True	True	False	False	False	False			130.0
ENVO:00000245	maar	True	False	False	True	False	False	False	False	False			1.0
ENVO:00000321	joint-plane cave	True	False	False	True	False	False	False	False	False			1.0
ENVO:01000052	marine white smoker biome	True	False	False	True	True	True	False	True	False			
ENVO:01000250	subpolar coniferous forest biome	True	False	False	True	True	True	True	False	False			342.0
ENVO:00000296	rice field	True	False	False	True	True	False	False	False	False			34.0
ENVO:00000375	world heritage site	True	False	False	False	False	False	False	False	False			1.0
ENVO:00000329	phreatic zone	True	False	False	True	False	False	False	False	False			1.0
ENVO:01001834	subpolar biome	True	False	False	True	True	True	False	False	False			
ENVO:00000226	saline wedge estuary	True	False	False	True	False	False	False	False	False			1.0
ENVO:00000244	abyssal plain	True	False	False	True	False	False	False	False	False			1.0
ENVO:00000443	flood control reservoir	True	False	False	True	False	False	False	False	False			1.0
ENVO:00000003	mine tailing	True	False	False	False	False	False	False	False	True			6.0
ENVO:01000017	sand	True	False	False	False	False	False	False	False	True			1.0
ENVO:00002872	bagasse	True	False	False	False	False	False	False	False	True			2.0
ENVO:00000359	natural monument	True	False	False	False	True	False	False	False	False			1.0
ENVO:00000256	floodway	True	False	False	True	False	False	False	False	False			1.0
ENVO:00000195	sinkhole	True	False	False	True	False	False	False	False	False			1.0
ENVO:01000417	house	True	False	False	True	False	False	False	False	False			108.0
ENVO:00000293	continental divide	True	False	False	True	False	False	False	False	False			1.0
ENVO:00000300	scrubland area	True	False	False	True	False	False	False	False	False			1.0
ENVO:00000289	horst	True	False	False	True	False	False	False	False	False			1.0
PCO:1000004	microbial community	False	False	False	False	False	False	False	False	False			9.0
ENVO:00000281	fault escarpment	True	False	False	True	False	False	False	False	False			1.0
ENVO:00000356	pyroclastic cone	True	False	False	True	False	False	False	False	False			1.0
ENVO:01000435	montane forest	True	False	False	True	True	False	False	False	False			119.0
ENVO:03501130	school building	True	False	False	True	False	False	False	False	False			3.0
ENVO:00000276	drumlin	True	False	False	True	False	False	False	False	False			1.0
ENVO:01000220	tropical woodland biome	True	False	False	True	True	True	True	False	False			
ENVO:01000022	marine salt marsh biome	True	False	False	True	True	True	False	True	False			32.0
ENVO:028607		False	False	False	False	False	False	False	False	False			279.0
ENVO:00000360	area of national forest	True	False	False	False	False	False	False	False	False			1.0
ENVO:00000206	marine neritic zone	True	False	False	True	False	False	False	False	False			1.0
ENVO:01001838	arid biome	True	False	False	True	True	True	False	False	False			168.0
ENVO:00000282	esker	True	False	False	True	False	False	False	False	False			1.0
ENVO:00000429	arete	True	False	False	True	False	False	False	False	False			2.0
ENVO:00000111	forested area	True	False	False	True	False	False	False	False	False			3564.0
ENVO:00000224	slightly stratified estuary	True	False	False	True	False	False	False	False	False			1.0
ENVO:00000431	drumlin field	True	False	False	True	False	False	False	False	False			1.0
ENVO:00000330	stalagmite	True	False	False	True	False	False	False	False	False			1.0
ENVO:01000999	rhizosphere environment	True	False	False	False	True	False	False	False	False			35.0
ENVO:00000213	marine mesopelagic zone	True	False	False	True	False	False	False	False	False			1.0
ENVO:00000442	maelstrom	True	False	False	True	False	False	False	False	False			1.0
ENVO:00000193	olive grove	True	False	False	True	True	False	False	False	False			39.0
ENVO:01001209	wetland ecosystem	True	False	False	False	True	False	False	False	False			20.0
ENVO:00000035	marsh	True	False	False	False	True	False	False	False	False			465.0
ENVO:01000050	marine subtidal rocky reef biome	True	False	False	True	True	True	False	True	False			
ENVO:01001082	climate	True	False	False	False	False	False	False	False	False			2.0
ENVO:00000390	mountain spur	True	False	False	True	False	False	False	False	False			1.0
ENVO:01000215	temperate shrubland biome	True	False	False	True	True	True	True	False	False			103.0
ENVO:00002261	forest soil	True	False	False	True	False	False	False	False	True			60.0
ENVO:01001832	subtropical biome	True	False	False	True	True	True	False	False	False			
ENVO:00000331	stalactite	True	False	False	True	False	False	False	False	False			1.0
ENVO:00000306	spit	True	False	False	True	False	False	False	False	False			1.0
ENVO:00000116	vineyard	True	False	False	True	True	False	False	False	False			318.0
ENVO:00000054	saline marsh	True	False	False	False	True	False	False	False	False			601.0
ENVO:01000053	marine ultramafic hydrothermal vent biome	True	False	False	True	True	True	False	True	False			
ENVO:00000438	alas	True	False	False	True	False	False	False	False	False			1.0
RO:0002577	system	False	False	False	False	False	False	False	False	False			135.0
ENVO:01000195	flooded grassland biome	True	False	False	True	True	True	True	False	False			
ENVO:00005802	bulk soil	True	False	False	True	False	False	False	False	True			3.0
ENVO:01000024	marine benthic biome	True	False	False	True	True	True	False	True	False			
ENVO:00000263	fissure cave	True	False	False	True	False	False	False	False	False			1.0
ENVO:00000198	ice-covered lake	True	False	False	True	False	False	False	False	False			1.0
ENVO:00002006	liquid water	True	False	False	False	False	False	False	False	True			30.0
ENVO:00000336	doline karst	True	False	False	True	False	False	False	False	False			1.0
ENVO:00000377	artificial lake	True	False	False	True	False	False	False	False	False			1.0
ENVO:01000216	montane shrubland biome	True	False	False	True	True	True	True	False	False			
ENVO:01000038	oceanic abyssopelagic zone biome	True	False	False	True	True	True	False	True	False			
ENVO:00000260	prairie	True	False	False	True	False	False	False	False	False			87.0
ENVO:00000368	ephemeral island	True	False	False	True	False	False	False	False	False			1.0
ENVO:00000314	alluvial fan	True	False	False	True	False	False	False	False	False			1.0
ENVO:01001246	agricultural process	True	False	False	False	False	False	False	False	False			566.0
ENVO:00000441	terracette	True	False	False	True	False	False	False	False	False			1.0
ENVO:00003866		False	False	False	False	False	False	False	False	False			
ENVO:01000185	montane desert biome	True	False	False	True	True	True	False	False	False			
ENVO:00000205	permanent spring	True	False	False	True	False	False	False	False	False			1.0
ENVO:00000235	carr	True	False	False	False	True	False	False	False	False			1.0
ENVO:00000338	vomit material	True	False	False	False	False	False	False	False	True			1.0
ENVO:00000115	orchard	True	False	False	True	True	False	False	False	False			19.0
ENVO:01000181	mangrove biome	True	False	False	True	True	True	True	False	False			70.0
ENVO:00000247	volcano	True	False	False	True	False	False	False	False	False			1.0
ENVO:00000216	fumarole	True	False	False	True	False	False	False	False	False			1.0
ENVO:00000353	island arc	True	False	False	True	False	False	False	False	False			1.0
ENVO:00000210	marine aphotic zone	True	False	False	True	False	False	False	False	False			1.0
ENVO:01001804	subtropical forest	True	False	False	True	True	False	False	False	False			405.0
ENVO:01000049	marine coral reef biome	True	False	False	True	True	True	False	True	False			
ENVO:00000101	delta	True	False	False	True	False	False	False	False	False			1.0
ENVO:01001792	tropical broadleaf forest	True	False	False	True	True	False	False	False	False			80.0
ENVO:01000192	tropical grassland biome	True	False	False	True	True	True	True	False	False			
ENVO:00000309	depressed landform	True	False	False	True	False	False	False	False	False			1.0
ENVO:00000290	graben	True	False	False	True	False	False	False	False	False			1.0
ENVO:00000211	marine bathypelagic zone	True	False	False	True	False	False	False	False	False			1.0
ENVO:01000984	grocery store	True	False	False	True	False	False	False	False	False			3.0
ENVO:00000326	sea cave	True	False	False	True	False	False	False	False	False			1.0
ENVO:00000248	glacial valley	True	False	False	True	False	False	False	False	False			1.0
ENVO:00000307	icefall	True	False	False	True	False	False	False	False	False			1.0
ENVO:01000190	flooded savanna biome	True	False	False	True	True	True	True	False	False			
ENVO:01000687	coast	True	False	False	True	False	False	False	False	False			8.0
ENVO:01000341	subalpine	True	False	False	False	False	False	False	False	False			2.0
ENVO:01001369	tidal mangrove shrubland	True	False	False	True	True	True	True	False	False			
ENVO:00000893	xeric basin biome	True	False	False	True	True	True	False	True	False			
ENVO:01000207	mediterranean	True	False	False	False	False	False	False	False	False			172.0
ENVO:00000294	fish farm	True	False	False	False	True	False	False	False	False			1.0
ENVO:00000270	beaver pond	True	False	False	True	False	False	False	False	False			1.0
ENVO:01000245	cropland biome	True	False	False	True	True	True	True	False	False			1035.0
ENVO:01001181	rhizoplane	True	False	False	False	False	False	False	False	False			2.0
ENVO:00003868		False	False	False	False	False	False	False	False	False			
ENVO:01000037	oceanic bathypelagic zone biome	True	False	False	True	True	True	False	True	False			
ENVO:01000197	broadleaf forest biome	True	False	False	True	True	True	True	False	False			
ENVO:01000249	urban biome	True	False	False	True	True	True	False	False	False			619.0
ENVO:01000213	subtropical shrubland biome	True	False	False	True	True	True	True	False	False			
ENVO:01000252	freshwater lake biome	True	False	False	True	True	True	False	True	False			
ENVO:01000408	environmental zone	True	False	False	False	False	False	False	False	False			2.0
ENVO:00000385	stream mouth	True	False	False	True	False	False	False	False	False			1.0
ENVO:00000204	ephemeral spring	True	False	False	True	False	False	False	False	False			1.0
ENVO:01000204	tropical	True	False	False	False	False	False	False	False	False			44.0
ENVO:00000508	terrace	True	False	False	True	False	False	False	False	False			1.0
ENVO:00000269	land-tied island	True	False	False	True	False	False	False	False	False			1.0
ENVO:00000434	outwash fan	True	False	False	True	False	False	False	False	False			1.0
ENVO:00000366	area designated as a national nature reserve	True	False	False	False	False	False	False	False	False			1.0
ENVO:00000280	escarpment	True	False	False	True	False	False	False	False	False			1.0
ENVO:01000033	oceanic pelagic zone biome	True	False	False	True	True	True	False	True	False			
ENVO:03500005	anthropogenic litter	True	False	False	False	False	False	False	False	False			36.0
ENVO:01000004	concentration basin mediterranean sea biome	True	False	False	True	True	True	False	True	False			
ENVO:00003863	food processing building	True	False	False	True	False	False	False	False	False			
ENVO:00000373	obsolete geothermal field	True	True	False	False	False	False	False	False	False			1.0
ENVO:00000288	cotton plantation	True	False	False	True	True	False	False	False	False			1.0
ENVO:00003869	straw	True	False	False	False	False	False	False	False	True			1.0
ENVO:01000048	ocean biome	True	False	False	True	True	True	False	True	False			
ENVO:00000432	monadnock	True	False	False	True	False	False	False	False	False			1.0
ENVO:01000859	tropical marine upwelling biome	True	False	False	True	True	True	False	True	False			
ENVO:00000322	volcanic cave	True	False	False	True	False	False	False	False	False			1.0
ENVO:00000284	quarry	True	False	False	True	False	False	False	False	False			1.0
ENVO:01001809	subtropical grassland	True	False	False	True	True	False	False	False	False			96.0
ENVO:00000391	land bridge	True	False	False	True	False	False	False	False	False			1.0
ENVO:01001057	environment associated with a plant part or small plant	True	False	False	False	True	False	False	False	False			199.0
ENVO:01000225	subtropical dry broadleaf forest biome	True	False	False	True	True	True	True	False	False			
ENVO:01000164	root nodule	True	False	False	False	False	False	False	False	False			6.0
ENVO:00002011	fresh water	True	False	False	False	False	False	False	False	True			93.0
ENVO:00000392	ice tongue	True	False	False	True	False	False	False	False	False			1.0
ENVO:01000198	mixed forest biome	True	False	False	True	True	True	True	False	False			5325.0
ENVO:00000378	canal head reservoir	True	False	False	True	False	False	False	False	False			1.0
ENVO:0009005		False	False	False	False	False	False	False	False	False			1.0
ENVO:01000182	temperate desert biome	True	False	False	True	True	True	False	False	False			
ENVO:00000379	inundation disposition	True	False	False	False	False	False	False	False	False			1.0
ENVO:01001830	tropical biome	True	False	False	True	True	True	False	False	False			301.0
ENVO:00000316	intertidal zone	True	False	False	True	False	False	False	False	False			9.0
ENVO:01001798	tropical mixed forest biome	True	False	False	True	True	True	True	False	False			
ENVO:01000028	marine hadal zone biome	True	False	False	True	True	True	False	True	False			
ENVO:01000178	savanna biome	True	False	False	True	True	True	True	False	False			
NCBITaxon:4751	Fungi	False	False	False	False	False	False	False	False	False			25.0
ENVO:00000249	lateral moraine	True	False	False	True	False	False	False	False	False			1.0
ENVO:01001835	alpine biome	True	False	False	True	True	True	False	False	False			
ENVO:00002259	agricultural soil	True	False	False	True	False	False	False	False	True			1790.0
ENVO:00000343	particle of silt	True	False	False	False	False	False	False	False	False			1.0
ENVO:00000370	tuya	True	False	False	True	False	False	False	False	False			1.0
ENVO:01000042	neritic epipelagic zone biome	True	False	False	True	True	True	False	True	False			
ENVO:00000439	dell	True	False	False	True	False	False	False	False	False			1.0
ENVO:01000041	neritic sea surface microlayer biome	True	False	False	True	True	True	False	True	False			
ENVO:01000054	marine basaltic hydrothermal vent biome	True	False	False	True	True	True	False	True	False			
ENVO:01000051	marine black smoker biome	True	False	False	True	True	True	False	True	False			
ENVO:00000372	pyroclastic shield volcano	True	False	False	True	False	False	False	False	False			1.0
ENVO:00005801	rhizosphere	True	False	False	True	True	False	False	False	False			539.0
ENVO:00000339	piece of rock	True	False	False	False	False	False	False	False	False			1.0
ENVO:00000243	freshwater wetland ecosystem	True	False	False	False	True	False	False	False	False			1.0
ENVO:00000519	agricultural terrace	True	False	False	True	True	False	False	False	False			16.0
ENVO:00000311	kettle	True	False	False	True	False	False	False	False	False			1.0
ENVO:00000313	blowout	True	False	False	True	False	False	False	False	False			1.0
ENVO:00000347	grain of sea sand	True	False	False	False	False	False	False	False	False			1.0
ENVO:01000210	tropical coniferous forest biome	True	False	False	True	True	True	True	False	False			
ENVO:00000312	sandur	True	False	False	True	False	False	False	False	False			1.0
ENVO:00000448	hydroelectric reservoir	True	False	False	True	False	False	False	False	False			1.0
ENVO:00002984	petroleum	True	False	False	False	False	False	False	False	True			112.0
ENVO:00000299	ice field	True	False	False	True	False	False	False	False	False			1.0
ENVO:00000325	polje	True	False	False	True	False	False	False	False	False			1.0
ENVO:00000344	grain of desert sand	True	False	False	True	False	False	False	False	False			1.0
NCBITaxon:3193	Embryophyta	False	False	False	False	False	False	False	False	False			6.0
ENVO:01000040	oceanic benthopelagic zone biome	True	False	False	True	True	True	False	True	False			
ENVO:01001837	subalpine biome	True	False	False	True	True	True	False	False	False			65.0
ENVO:00000267	submarine canyon	True	False	False	True	False	False	False	False	False			1.0
ENVO:00000283	ridge	True	False	False	True	False	False	False	False	False			1.0
ENVO:01000352	field	True	False	False	True	False	False	False	False	False			1154.0
ENVO:00000430	dirt cone	True	False	False	True	False	False	False	False	False			1.0
ENVO:00000285	quicksand bed	True	False	False	False	False	False	False	False	False			1.0
ENVO:00000086	plain	True	False	False	True	False	False	False	False	False			2.0
ENVO:01000739	habitat	True	False	False	True	True	False	False	False	False			57.0
ENVO:01000217	mediterranean shrubland biome	True	False	False	True	True	True	True	False	False			11.0
ENVO:01000224	mediterranean grassland biome	True	False	False	True	True	True	True	False	False			
ENVO:01000194	montane grassland biome	True	False	False	True	True	True	True	False	False			2.0
ENVO:00000278	dry stream	True	False	False	True	False	False	False	False	False			1.0
ENVO:00002030	aquatic biome	True	False	False	True	True	True	False	True	False			92.0
ENVO:00002204	anthropogenic contamination feature	True	False	False	True	False	False	False	False	False			4.0
ENVO:00000259	lacustrine plain	True	False	False	True	False	False	False	False	False			1.0
ENVO:00000892	small freshwater lake biome	True	False	False	True	True	True	False	True	False			
ENVO:01000239	oak woodland	True	False	False	True	True	False	False	False	False			19.0
ENVO:00000011	garden	True	False	False	True	False	False	False	False	False			211.0
ENVO:00000275	ocean trench	True	False	False	True	False	False	False	False	False			1.0
ENVO:00000387	container of an intermittent lake	True	False	False	True	False	False	False	False	False			1.0
ENVO:00002124	anaerobic bioreactor	True	False	False	False	False	False	False	False	False			13.0
ENVO:01000035	oceanic epipelagic zone biome	True	False	False	True	True	True	False	True	False			
ENVO:00000333	subjacent karst	True	False	False	True	False	False	False	False	False			1.0
ENVO:01000254	environmental system	True	False	False	False	True	False	False	False	False			333.0
ENVO:01000371	agricultural waste material	True	False	False	False	False	False	False	False	True			1.0
ENVO:01001831	temperate biome	True	False	False	True	True	True	False	False	False			1274.0
ENVO:00000104	undersea feature	True	False	False	True	False	False	False	False	False			58.0
ENVO:00000354	volcanic field	True	False	False	True	False	False	False	False	False			1.0
ENVO:01000187	subtropical savanna biome	True	False	False	True	True	True	True	False	False			
ENVO:00010624	botanical garden	True	False	False	True	False	False	False	False	False			353.0
ENVO:00000250	medial moraine	True	False	False	True	False	False	False	False	False			1.0
ENVO:01000196	coniferous forest biome	True	False	False	True	True	True	True	False	False			143.0
ENVO:00000319	low tide zone	True	False	False	True	False	False	False	False	False			1.0
ENVO:03605008	freshwater stream biome	True	False	False	True	True	True	False	True	False			
ENVO:00000292	watershed	True	False	False	True	False	False	False	False	False			1.0
ENVO:00005780	greenhouse soil	True	False	False	True	False	False	False	False	True			9.0
ENVO:00000315	bajada	True	False	False	True	False	False	False	False	False			1.0
ENVO:01000226	subtropical moist broadleaf forest biome	True	False	False	True	True	True	True	False	False			
ENVO:00000240	saline wetland	True	False	False	False	True	False	False	False	False			1.0
ENVO:01000230	arid	True	False	False	False	False	False	False	False	False			1.0
ENVO:00000229	intermittent estuary	True	False	False	True	False	False	False	False	False			1.0
ENVO:00000109	woodland area	True	False	False	True	False	False	False	False	False			768.0
ENVO:01000205	subtropical	True	False	False	False	False	False	False	False	False			144.0
ENVO:00000348	grain of rocky sand	True	False	False	False	False	False	False	False	False			1.0
ENVO:00000208	marine pelagic zone	True	False	False	True	False	False	False	False	False			1.0
ENVO:00000342	ice cap dome	True	False	False	True	False	False	False	False	False			1.0
ENVO:01000212	temperate mixed forest biome	True	False	False	True	True	True	True	False	False			
ENVO:00000349	terrarium	True	False	False	False	False	False	False	False	False			1.0
ENVO:00000428	biome	True	False	False	True	True	True	False	False	False			4018.0
FOODON:00002753	bean (whole)	False	False	False	False	False	False	False	False	True			2.0
ENVO:00000196	alkaline flat	True	False	False	True	False	False	False	False	False			1.0
ENVO:01001406	laboratory facility	True	False	False	True	False	False	False	False	False			439.0
ENVO:00000002	anthropogenic geographic feature	True	False	False	True	False	False	False	False	False			54.0
ENVO:00000274	continental rise	True	False	False	True	False	False	False	False	False			1.0
ENVO:01000186	polar desert biome	True	False	False	True	True	True	False	False	False			
ENVO:01000183	tropical desert biome	True	False	False	True	True	True	False	False	False			1.0
ENVO:00003867		False	False	False	False	False	False	False	False	False			
ENVO:00000209	marine photic zone	True	False	False	True	False	False	False	False	False			1.0
ENVO:01000951	natural environment	True	False	False	False	True	False	False	False	False			100.0
ENVO:01000046	marginal sea biome	True	False	False	True	True	True	False	True	False			
ENVO:03600049	smokeless tobacco	True	False	False	False	False	False	False	False	False			30.0
ENVO:01000059	sea grass bed	True	False	False	True	False	False	False	False	False			145.0
ENVO:00000295	fish hatchery	True	False	False	True	False	False	False	False	False			1.0
ENVO:00000236	dambo	True	False	False	False	True	False	False	False	False			1.0
ENVO:00000351	volcanic arc	True	False	False	True	False	False	False	False	False			1.0
ENVO:00000369	brine pool	True	False	False	True	False	False	False	False	False			1.0
ENVO:01000043	neritic mesopelagic zone biome	True	False	False	True	True	True	False	True	False			
ENVO:01000228	tropical moist broadleaf forest biome	True	False	False	True	True	True	True	False	False			
ENVO:00000446	terrestrial biome	True	False	False	True	True	True	True	False	False	209.0		949.0
ENVO:00000163	coffee plantation	True	False	False	True	True	False	False	False	False			143.0
