curie	label	envo_native	obsolete	EnvBroadScaleSoilEnum_11_1	ancestors_in_enum_count	descendants_in_enum_count	abp	env_sys	biome	terrestrial_biome	aquatic_biome	env_mat	goldterms_mappings	nmdc_scoped_count	gold_hybrid_count	ncbi_scoped_count
ENVO:01000041	neritic sea surface microlayer biome	True	False	False	0	0	True	True	True	False	True	False	False			
ENVO:00000339	piece of rock	True	False	False	0	0	False	False	False	False	False	False	False			1.0
ENVO:00002007	sediment	True	False	False	0	0	False	False	False	False	False	True	False			5.0
PATO:0000952	brown	False	False	False	0	0	False	False	False	False	False	False	False			1.0
ENVO:01000425	indoor toilet	True	False	False	0	0	True	False	False	False	False	False	False			2.0
ENVO:01000501	burnt brick	True	False	False	0	0	False	False	False	False	False	False	False			
ENVO:00000296	rice field	True	False	False	0	0	True	True	False	False	False	False	False			429.0
ENVO:00000109	woodland area	True	False	False	0	0	True	False	False	False	False	False	False			2245.0
ENVO:00000138	cove	True	False	False	0	0	True	False	False	False	False	False	False			12.0
ENVO:01000404	obsolete manufactured plastic	True	True	False	0	0	False	False	False	False	False	False	False			1.0
ENVO:01000530	ventilated improved pit latrine	True	False	False	0	0	False	False	False	False	False	False	False			1.0
ENVO:01001304	oasis	True	False	False	0	0	True	False	False	False	False	False	False			106.0
PATO:0000146	temperature	False	False	False	0	0	False	False	False	False	False	False	False			6.0
ENVO:00003885	brewery	True	False	False	0	0	True	False	False	False	False	False	False			1.0
ENVO:01000423	living room	True	False	False	0	0	True	False	False	False	False	False	False			2.0
ENVO:01000341	subalpine	True	False	False	0	0	False	False	False	False	False	False	False			452.0
ENVO:00000392	ice tongue	True	False	False	0	0	True	False	False	False	False	False	False			1.0
ENVO:00000440	rock shelter	True	False	False	0	0	True	False	False	False	False	False	False			1.0
ENVO:00000272	confluence	True	False	False	0	0	True	False	False	False	False	False	False			1.0
ENVO:00000299	ice field	True	False	False	0	0	True	False	False	False	False	False	False			1.0
ENVO:01000043	neritic mesopelagic zone biome	True	False	False	0	0	True	True	True	False	True	False	False			
ENVO:01000020	estuarine biome	True	False	False	0	0	True	True	True	False	True	False	False			497.0
ENVO:00000251	ground moraine	True	False	False	0	0	True	False	False	False	False	False	False			1.0
ENVO:01000032	neritic pelagic zone biome	True	False	False	0	0	True	True	True	False	True	False	False			
ENVO:01000190	flooded savanna biome	True	False	True	4	1	True	True	True	True	False	False	False			
ENVO:00000311	kettle	True	False	False	0	0	True	False	False	False	False	False	False			1.0
PATO:0002107	peripheral	False	False	False	0	0	False	False	False	False	False	False	False			4.0
ENVO:01001808	montane grassland	True	False	False	0	1	True	True	False	False	False	False	False			2.0
ENVO:03600087	greenhouse	True	False	False	0	0	True	False	False	False	False	False	False			6325.0
ENVO:01000342	montane	True	False	False	0	0	False	False	False	False	False	False	False			1.0
ENVO:00002044	sludge	True	False	False	0	0	False	False	False	False	False	True	False			3.0
ENVO:01000628	plant litter	True	False	False	0	0	False	False	False	False	False	True	False			27.0
ENVO:00000215	hydrothermal vent	True	False	False	0	0	True	False	False	False	False	False	False			1.0
ENVO:00000113	obsolete cultivated habitat	True	True	False	0	0	False	False	False	False	False	False	False			6.0
ENVO:00000223	continental shelf	True	False	False	0	0	True	False	False	False	False	False	False			1.0
ENVO:01000594	cabinet	True	False	False	0	0	False	False	False	False	False	False	False			66.0
ENVO:00000039	fjord	True	False	False	0	0	True	False	False	False	False	False	False			5.0
ENVO:01001044	soil environment	True	False	False	0	0	True	True	False	False	False	False	False			1319.0
ENVO:01001069	metallic material	True	False	False	0	0	False	False	False	False	False	True	False			31.0
ENVO:01000987	market	True	False	False	0	0	True	False	False	False	False	False	False			19.0
ENVO:01000180	tundra biome	True	False	True	2	2	True	True	True	True	False	False	False			612.0
ENVO:00005801	rhizosphere	True	False	False	0	0	True	True	False	False	False	False	False			3304.0
ENVO:00002170	compost	True	False	False	0	0	False	False	False	False	False	True	False			4.0
ENVO:01000421	indoor kitchen	True	False	False	0	0	True	False	False	False	False	False	False			2.0
ENVO:00001990		False	False	False	0	0	False	False	False	False	False	False	False			1.0
ENVO:01000213	subtropical shrubland biome	True	False	True	3	2	True	True	True	True	False	False	False			
ENVO:01000226	subtropical moist broadleaf forest biome	True	False	True	5	1	True	True	True	True	False	False	False			121.0
ENVO:01000058	kelp forest	True	False	False	0	0	True	False	False	False	False	False	False			86.0
ENVO:03600049	smokeless tobacco	True	False	False	0	0	False	False	False	False	False	False	False			30.0
ENVO:01000162	organ	True	False	False	0	0	False	False	False	False	False	False	False			1.0
ENVO:01001432	forestry	True	False	False	0	0	False	False	False	False	False	False	False			3.0
ENVO:01000418	human house	True	False	False	0	0	True	False	False	False	False	False	False			2.0
ENVO:00000889	large river delta biome	True	False	False	0	0	True	True	True	False	True	False	False			
ENVO:01000954	alpine tree line ecotone	True	False	False	0	0	True	True	False	False	False	False	False			1.0
ENVO:00000310	meteor impact crater	True	False	False	0	0	True	False	False	False	False	False	False			1.0
FOODON:00001088	flaxseed oil	False	False	False	0	0	False	False	False	False	False	True	False			3.0
ENVO:03600038	experimental forest ecosystem	True	False	False	0	0	True	True	False	False	False	False	False			1.0
ENVO:00000358	area of protected biodiversity	True	False	False	0	0	False	False	False	False	False	False	False			1.0
ENVO:0010003	agricultural environmental material	True	False	False	0	0	False	False	False	False	False	True	False			80.0
ENVO:0009005		False	False	False	0	0	False	False	False	False	False	False	False			1.0
ENVO:00000434	outwash fan	True	False	False	0	0	True	False	False	False	False	False	False			2.0
ENVO:01000035	oceanic epipelagic zone biome	True	False	False	0	0	True	True	True	False	True	False	False			
ENVO:01000045	epeiric sea biome	True	False	False	0	0	True	True	True	False	True	False	False			
ENVO:01000174	forest biome	True	False	True	2	18	True	True	True	True	False	False	False			9732.0
ENVO:00000292	watershed	True	False	False	0	0	True	False	False	False	False	False	False			1.0
ENVO:01000949	lichen woodland	True	False	False	0	0	True	True	False	False	False	False	False			35.0
ENVO:00000115	orchard	True	False	False	0	0	True	True	False	False	False	False	False			338.0
ENVO:01000042	neritic epipelagic zone biome	True	False	False	0	0	True	True	True	False	True	False	False			
ENVO:01001246	agricultural process	True	False	False	0	0	False	False	False	False	False	False	False			2076.0
ENVO:00000336	doline karst	True	False	False	0	0	True	False	False	False	False	False	False			1.0
ENVO:01000389	temperate mixed broadleaf forest	True	False	False	0	0	True	True	False	False	False	False	False			319.0
PATO:0001306	decreased temperature	False	False	False	0	0	False	False	False	False	False	False	False			9.0
NCBITaxon:4751	Fungi	False	False	False	0	0	False	False	False	False	False	False	False			111.0
ENVO:01000247	rangeland biome	True	False	True	3	1	True	True	True	True	False	False	False			
ENVO:03500002	public park	True	False	False	0	0	True	False	False	False	False	False	False			6.0
ENVO:00000294	fish farm	True	False	False	0	0	False	True	False	False	False	False	False			1.0
BFO:0000029	site	False	False	False	0	0	False	False	False	False	False	False	False			240.0
NCBITaxon:2	Bacteria	False	False	False	0	0	False	False	False	False	False	False	False			179.0
ENVO:01000218	xeric shrubland biome	True	False	True	3	1	True	True	True	True	False	False	False			
ENVO:00000354	volcanic field	True	False	False	0	0	True	False	False	False	False	False	False			1.0
ENVO:00000245	maar	True	False	False	0	0	True	False	False	False	False	False	False			1.0
ENVO:00000346	grain of acid dune sand	True	False	False	0	0	True	False	False	False	False	False	False			1.0
ENVO:00000259	lacustrine plain	True	False	False	0	0	True	False	False	False	False	False	False			1.0
ENVO:0100024		False	False	False	0	0	False	False	False	False	False	False	False			1.0
ENVO:00000196	alkaline flat	True	False	False	0	0	True	False	False	False	False	False	False			1.0
ENVO:00000243	freshwater wetland ecosystem	True	False	False	0	0	False	True	False	False	False	False	False			70.0
ENVO:02000008	cell culture	True	False	False	0	0	False	False	False	False	False	True	False			19.0
ENVO:00000261	savanna	True	False	False	0	0	True	False	False	False	False	False	False			25.0
PATO:0045091	north	False	False	False	0	0	False	False	False	False	False	False	False			5278.0
ENVO:00000351	volcanic arc	True	False	False	0	0	True	False	False	False	False	False	False			1.0
ENVO:01000801	star	True	False	False	0	0	False	False	False	False	False	False	False			2.0
ENVO:000000428		False	False	False	0	0	False	False	False	False	False	False	False			2.0
ENVO:01001443	usage of an environment for recreation	True	False	False	0	0	False	False	False	False	False	False	False			1.0
ENVO:01000267	atmosphere	True	False	False	0	0	False	False	False	False	False	False	False			1.0
CHEBI:22315	alkaloid	False	False	False	0	0	False	False	False	False	False	False	False			1.0
ENVO:01000348	maize field	True	False	False	0	0	True	False	False	False	False	False	False			257.0
ENVO:01000635	planetary landmass	True	False	False	0	0	True	False	False	False	False	False	False			46.0
ENVO:00000309	depressed landform	True	False	False	0	0	True	False	False	False	False	False	False			1.0
ENVO:00000257	flood fringe	True	False	False	0	0	True	False	False	False	False	False	False			1.0
ENVO:01000250	subpolar coniferous forest biome	True	False	True	4	1	True	True	True	True	False	False	False			494.0
ENVO:00000304	shore	True	False	False	0	0	True	False	False	False	False	False	False			1.0
ENVO:00000207	oceanic zone	True	False	False	0	0	True	False	False	False	False	False	False			1.0
ENVO:01000228	tropical moist broadleaf forest biome	True	False	True	5	1	True	True	True	True	False	False	False			2.0
PATO:0001323	area	False	False	False	0	0	False	False	False	False	False	False	False			19.0
ENVO:00000225	highly stratified estuary	True	False	False	0	0	True	False	False	False	False	False	False			1.0
ENVO:00000220	archipelago	True	False	False	0	0	True	False	False	False	False	False	False			1.0
ENVO:03501182	clinic	True	False	False	0	0	True	False	False	False	False	False	False			1.0
ENVO:00000345	grain of beach sand	True	False	False	0	0	True	False	False	False	False	False	False			1.0
ENVO:01001293	bush area	True	False	False	0	0	True	False	False	False	False	False	False			65.0
CHEBI:16670	peptide	False	False	False	0	0	False	False	False	False	False	False	False			54.0
FOODON:00001013	cheese food product	False	False	False	0	0	False	False	False	False	False	True	False			1.0
ENVO:00000114	agricultural field	True	False	False	0	0	True	False	False	False	False	False	False			12140.0
ENVO:01000816	area of deciduous forest	True	False	False	0	0	True	False	False	False	False	False	False			50.0
ENVO:03605008	freshwater stream biome	True	False	False	0	0	True	True	True	False	True	False	False			
ENVO:00010483	environmental material	True	False	False	0	0	False	False	False	False	False	True	False			785.0
ENVO:00000302	rift valley	True	False	False	0	0	True	False	False	False	False	False	False			1.0
ENVO:03501288	facility	True	False	False	0	0	True	False	False	False	False	False	False			1.0
ENVO:01001405	laboratory environment	True	False	False	0	0	False	True	False	False	False	False	False			258.0
ENVO:01000254	environmental system	True	False	False	0	52	False	True	False	False	False	False	False			696.0
ENVO:00000040	waterfall	True	False	False	0	0	True	False	False	False	False	False	False			9.0
ENVO:00000364	national wildlife refuge	True	False	False	0	0	False	False	False	False	False	False	False			1.0
ENVO:00002011	fresh water	True	False	False	0	0	False	False	False	False	False	True	False			226.0
ENVO:00000341	piece of gravel	True	False	False	0	0	False	False	False	False	False	False	False			1.0
ENVO:01000191	subtropical grassland biome	True	False	True	3	2	True	True	True	True	False	False	False			91.0
ENVO:00000330	stalagmite	True	False	False	0	0	True	False	False	False	False	False	False			1.0
ENVO:00000057	mangrove swamp	True	False	False	0	0	False	True	False	False	False	False	False			802.0
ENVO:00000218	black smoker	True	False	False	0	0	True	False	False	False	False	False	False			1.0
ENVO:01000377	humid subtropical	True	False	False	0	0	False	False	False	False	False	False	False			4.0
ENVO:00000349	terrarium	True	False	False	0	0	False	False	False	False	False	False	False			1.0
ENVO:00000477	mount	True	False	False	0	0	True	False	False	False	False	False	False			83.0
ENVO:00002040	wood	True	False	False	0	0	False	False	False	False	False	True	False			254.0
ENVO:01000435	montane forest	True	False	False	0	0	True	True	False	False	False	False	False			338.0
ENVO:01000177	grassland biome	True	False	True	2	7	True	True	True	True	False	False	False			2126.0
ENVO:00002150	coastal sea water	True	False	False	0	0	False	False	False	False	False	True	False			576.0
ENVO:00002259	agricultural soil	True	False	False	0	0	True	False	False	False	False	True	False			2070.0
ENVO:01000181	mangrove biome	True	False	True	2	1	True	True	True	True	False	False	False			2511.0
ENVO:01000240	conifer woodland	True	False	False	0	0	True	True	False	False	False	False	False			8.0
ENVO:00000463	harbour	True	False	False	0	0	True	False	False	False	False	False	False			734.0
ENVO:1000745	drought	True	False	False	0	0	False	False	False	False	False	False	False			4.0
ENVO:00000044	peatland	True	False	False	0	0	False	True	False	False	False	False	False			1140.0
ENVO:00000332	doline	True	False	False	0	0	True	False	False	False	False	False	False			1.0
ENVO:00000235	carr	True	False	False	0	0	False	True	False	False	False	False	False			1.0
ENVO:01000505	salt dome	True	False	False	0	0	True	False	False	False	False	False	False			
ENVO:01001110	ecosystem	True	False	False	0	52	False	True	False	False	False	False	False			274.0
ENVO:01000433	needleleaf forest	True	False	False	0	5	True	True	False	False	False	False	False			394.0
ENVO:00002254	vertisol	True	False	False	0	0	True	False	False	False	False	True	False			1.0
ENVO:01000196	coniferous forest biome	True	False	True	3	5	True	True	True	True	False	False	False			235.0
ENVO:00000171	river valley	True	False	False	0	0	True	False	False	False	False	False	False			8.0
ENVO:00000519	agricultural terrace	True	False	False	0	0	True	True	False	False	False	False	False			16.0
ENVO:00000308	dune slack	True	False	False	0	0	True	False	False	False	False	False	False			1.0
ENVO:01000343	altitudinal condition	True	False	False	0	0	False	False	False	False	False	False	False			4.0
ENVO:00000447	marine biome	True	False	False	0	0	True	True	True	False	True	False	False			1842.0
ENVO:01000382	cold desert	True	False	False	0	0	True	False	False	False	False	False	False			182.0
ENVO:00002984	petroleum	True	False	False	0	0	False	False	False	False	False	True	False			112.0
ENVO:00000081	mountain	True	False	False	0	0	True	False	False	False	False	False	False			107.0
ENVO:01000584	table	True	False	False	0	0	False	False	False	False	False	False	False			8.0
ENVO:01000883	area of developed open space	True	False	False	0	0	True	False	False	False	False	False	False			116.0
ENVO:00000297	paddy field	True	False	False	0	0	True	False	False	False	False	False	False			190.0
ENVO:01000200	tropical broadleaf forest biome	True	False	True	4	3	True	True	True	True	False	False	False			
ENVO:1		False	False	False	0	0	False	False	False	False	False	False	False			1.0
PO:0025034	leaf	False	False	False	0	0	False	False	False	False	False	False	False			1480.0
ENVO:00005749	farm soil	True	False	False	0	0	True	False	False	False	False	True	False			2.0
ENVO:00000242	lacustrine mudflat	True	False	False	0	0	False	True	False	False	False	False	False			1.0
ENVO:00000255	flood plain	True	False	False	0	0	True	False	False	False	False	False	False			1.0
ENVO:01000216	montane shrubland biome	True	False	True	3	1	True	True	True	True	False	False	False			1.0
ENVO:01000420	building part	True	False	False	0	0	True	False	False	False	False	False	False			2.0
ENVO:00000438	alas	True	False	False	0	0	True	False	False	False	False	False	False			2.0
ENVO:01000892	area of cropland	True	False	False	0	0	True	False	False	False	False	False	False			1502.0
ENVO:01001834	subpolar biome	True	False	False	0	1	True	True	True	False	False	False	False			27.0
ENVO:01000710	flood	True	False	False	0	0	True	False	False	False	False	False	False			12.0
ENVO:01001468	intertidal ecosystem	True	False	False	0	0	True	True	False	False	False	False	False			1.0
UBERON:0002416	integumental system	False	False	False	0	0	False	False	False	False	False	False	False			735.0
ENVO:00000430	dirt cone	True	False	False	0	0	True	False	False	False	False	False	False			3.0
ENVO:2		False	False	False	0	0	False	False	False	False	False	False	False			1.0
ENVO:00000100	valley	True	False	False	0	0	True	False	False	False	False	False	False			5.0
ENVO:01000843	area of evergreen forest	True	False	False	0	0	True	False	False	False	False	False	False			65.0
ENVO:00000221	continental island	True	False	False	0	0	True	False	False	False	False	False	False			1.0
ENVO:00000120	oil palm plantation	True	False	False	0	0	True	True	False	False	False	False	False			2.0
ENVO:00000241	tidal mudflat	True	False	False	0	0	False	True	False	False	False	False	False			1.0
ENVO:00000328	vadose zone	True	False	False	0	0	False	False	False	False	False	False	False			1.0
ENVO:01000964	industrial wastewater	True	False	False	0	0	False	False	False	False	False	True	False			11.0
ENVO:01000317	aquatic environment	True	False	False	0	0	False	True	False	False	False	False	False			4.0
PO:0009011	plant structure	False	False	False	0	0	False	False	False	False	False	False	False			8.0
ENVO:00000212	marine abyssalpelagic zone	True	False	False	0	0	True	False	False	False	False	False	False			1.0
ENVO:00000360	area of national forest	True	False	False	0	0	False	False	False	False	False	False	False			2.0
PCO:1000004	microbial community	False	False	False	0	0	False	False	False	False	False	False	False			386.0
ENVO:01001189	algal material	True	False	False	0	0	False	False	False	False	False	True	False			1.0
ENVO:00002248	luvisol	True	False	False	0	0	True	False	False	False	False	True	False			9.0
ENVO:01001177	arable land	True	False	False	0	0	True	False	False	False	False	False	False			48.0
ENVO:00000451	amenity lake	True	False	False	0	0	True	False	False	False	False	False	False			1.0
ENVO:00010624	botanical garden	True	False	False	0	0	True	False	False	False	False	False	False			371.0
ENVO:01000437	lava field	True	False	False	0	0	True	False	False	False	False	False	False			1.0
ENVO:01000040	oceanic benthopelagic zone biome	True	False	False	0	0	True	True	True	False	True	False	False			
ENVO:00000217	solfatara	True	False	False	0	0	True	False	False	False	False	False	False			1.0
ENVO:01001200	anthropised terrestrial environmental zone	True	False	False	0	0	True	False	False	False	False	False	False			3.0
ENVO:01000023	marine pelagic biome	True	False	False	0	0	True	True	True	False	True	False	False			
ENVO:01000340	alpine	True	False	False	0	0	False	False	False	False	False	False	False			171.0
ENVO:00000317	tidal pool	True	False	False	0	0	True	False	False	False	False	False	False			1.0
ENVO:01000193	temperate grassland biome	True	False	True	3	1	True	True	True	True	False	False	False			524.0
ENVO:01000053	marine ultramafic hydrothermal vent biome	True	False	False	0	0	True	True	True	False	True	False	False			
ENVO:00000275	ocean trench	True	False	False	0	0	True	False	False	False	False	False	False			1.0
NCBITaxon:3193	Embryophyta	False	False	False	0	0	False	False	False	False	False	False	False			50.0
ENVO:00000167	bar	True	False	False	0	0	True	False	False	False	False	False	False			30.0
ENVO:00000287	butte	True	False	False	0	0	True	False	False	False	False	False	False			1.0
ENVO:01001402	haze	True	False	False	0	0	False	False	False	False	False	True	False			2.0
ENVO:00000445	transvasement	True	False	False	0	0	True	False	False	False	False	False	False			1.0
ENVO:00000200	periglacial lake	True	False	False	0	0	True	False	False	False	False	False	False			1.0
ENVO:03501290	supermarket	True	False	False	0	0	True	False	False	False	False	False	False			26.0
ENVO:01000434	sclerophyllous forest	True	False	False	0	0	True	True	False	False	False	False	False			1.0
ENVO:00000011	garden	True	False	False	0	0	True	False	False	False	False	False	False			1338.0
ENVO:00003862	dairy	True	False	False	0	0	True	False	False	False	False	False	False			
ENVO:00000253	scroll plane	True	False	False	0	0	True	False	False	False	False	False	False			1.0
ENVO:01000427	carbon nanotube enriched soil	True	False	False	0	0	True	False	False	False	False	True	False			1.0
ENVO:00000312	sandur	True	False	False	0	0	True	False	False	False	False	False	False			1.0
ENVO:01001836	montane biome	True	False	False	0	3	True	True	True	False	False	False	False			
ENVO:00002116	contaminated soil	True	False	False	0	0	True	False	False	False	False	True	False			48.0
ENVO:00003865		False	False	False	0	0	False	False	False	False	False	False	False			
ENVO:01000347	montane conifer woodland	True	False	False	0	0	True	True	False	False	False	False	False			14.0
ENVO:01000241	juniper woodland	True	False	False	0	0	True	True	False	False	False	False	False			28.0
ENVO:00000442	maelstrom	True	False	False	0	0	True	False	False	False	False	False	False			1.0
ENVO:01000352	field	True	False	False	0	0	True	False	False	False	False	False	False			4848.0
ENVO:01000187	subtropical savanna biome	True	False	True	4	2	True	True	True	True	False	False	False			186.0
ENVO:01000503	burnt-brick exterior wall	True	False	False	0	0	True	False	False	False	False	False	False			
ENVO:00000227	obsolete vertically mixed estuary	True	True	False	0	0	False	False	False	False	False	False	False			1.0
ENVO:01000383	temperate evergreen needleleaf forest	True	False	False	0	0	True	True	False	False	False	False	False			1.0
ENVO:01001833	mediterranean biome	True	False	False	0	5	True	True	True	False	False	False	False			479.0
ENVO:00000391	land bridge	True	False	False	0	0	True	False	False	False	False	False	False			1.0
ENVO:00000508	terrace	True	False	False	0	0	True	False	False	False	False	False	False			1.0
ENVO:01000229	mediterranean savanna biome	True	False	True	5	1	True	True	True	True	False	False	False			
ENVO:03501119	agricultural experimental station	True	False	False	0	0	True	False	False	False	False	False	False			1.0
CHEBI:15377	water	False	False	False	0	0	False	False	False	False	False	False	False			24.0
ENVO:00000248	glacial valley	True	False	False	0	0	True	False	False	False	False	False	False			1.0
ENVO:00000355	monogenetic volcanic field	True	False	False	0	0	True	False	False	False	False	False	False			1.0
ENVO:00000265	guyot	True	False	False	0	0	True	False	False	False	False	False	False			1.0
ENVO:00000892	small freshwater lake biome	True	False	False	0	0	True	True	True	False	True	False	False			8.0
ENVO:01001455	temperate mountain	True	False	False	0	0	True	False	False	False	False	False	False			26.0
ENVO:00000107	heath	True	False	False	0	0	True	False	False	False	False	False	False			71.0
ENVO:00000281	fault escarpment	True	False	False	0	0	True	False	False	False	False	False	False			1.0
NCBITaxon:46104	Salicornia	False	False	False	0	0	False	False	False	False	False	False	False			1.0
ENVO:01000331	cypress swamp	True	False	False	0	0	False	True	False	False	False	False	False			1.0
ENVO:01000799	astronomical body	True	False	False	0	0	False	False	False	False	False	False	False			24.0
ENVO:00000249	lateral moraine	True	False	False	0	0	True	False	False	False	False	False	False			1.0
ENVO:01000209	subtropical coniferous forest biome	True	False	True	4	1	True	True	True	True	False	False	False			
ENVO:00000270	beaver pond	True	False	False	0	0	True	False	False	False	False	False	False			1.0
ENVO:00000313	blowout	True	False	False	0	0	True	False	False	False	False	False	False			1.0
ENVO:01001798	tropical mixed forest biome	True	False	True	4	1	True	True	True	True	False	False	False			
ENVO:00000318	high tide zone	True	False	False	0	0	True	False	False	False	False	False	False			1.0
ENVO:00000018	obsolete dry river	True	True	False	0	0	False	False	False	False	False	False	False			1.0
CHEBI:22695	base	False	False	False	0	0	False	False	False	False	False	False	False			2.0
ENVO:00000250	medial moraine	True	False	False	0	0	True	False	False	False	False	False	False			1.0
ENVO:00002873	organic waste material	True	False	False	0	0	False	False	False	False	False	True	False			3.0
ENVO:00000326	sea cave	True	False	False	0	0	True	False	False	False	False	False	False			1.0
ENVO:00000001	bedding-plane cave	True	False	False	0	0	True	False	False	False	False	False	False			1.0
ENVO:100013		False	False	False	0	0	False	False	False	False	False	False	False			1.0
ENVO:01001057	environment associated with a plant part or small plant	True	False	False	0	0	False	True	False	False	False	False	False			744.0
ENVO:00005778	tropical soil	True	False	False	0	0	True	False	False	False	False	True	False			1.0
ENVO:01001830	tropical biome	True	False	False	0	9	True	True	True	False	False	False	False			353.0
ENVO:01000220	tropical woodland biome	True	False	True	3	1	True	True	True	True	False	False	False			12.0
ENVO:00000322	volcanic cave	True	False	False	0	0	True	False	False	False	False	False	False			1.0
ENVO:00000893	xeric basin biome	True	False	False	0	0	True	True	True	False	True	False	False			
ENVO:01001791	mediterranean forest	True	False	False	0	1	True	True	False	False	False	False	False			2.0
ENVO:01000536	factory	True	False	False	0	0	True	False	False	False	False	False	False			30.0
ENVO:01000460	asphalt	True	False	False	0	0	False	False	False	False	False	True	False			48.0
ENVO:00000209	marine photic zone	True	False	False	0	0	True	False	False	False	False	False	False			1.0
ENVO:00005742	arable soil	True	False	False	0	0	True	False	False	False	False	True	False			275.0
FOODON:00001147	plant root food product	False	False	False	0	0	False	False	False	False	False	True	False			3.0
ENVO:00000428	biome	True	False	False	0	52	True	True	True	False	False	False	False			10289.0
ENVO:00000429	arete	True	False	False	0	0	True	False	False	False	False	False	False			4.0
ENVO:00000194	scree	True	False	False	0	0	False	False	False	False	False	True	False			1.0
UBERON:0036016	honey	False	False	False	0	0	False	False	False	False	False	False	False			7.0
ENVO:00000441	terracette	True	False	False	0	0	True	False	False	False	False	False	False			1.0
ENVO:01000439	andesitic volcano	True	False	False	0	0	True	False	False	False	False	False	False			1.0
ENVO:00001998	soil	True	False	False	0	0	True	False	False	False	False	True	False			3378.0
ENVO:00000240	saline wetland	True	False	False	0	0	False	True	False	False	False	False	False			1.0
ENVO:01001792	tropical broadleaf forest	True	False	False	0	3	True	True	False	False	False	False	False			80.0
ENVO:00000562	park	True	False	False	0	0	True	False	False	False	False	False	False			53.0
ENVO:01001001	plant-associated environment	True	False	False	0	0	False	True	False	False	False	False	False			802.0
ENVO:00000083	hill	True	False	False	0	0	True	False	False	False	False	False	False			4.0
ENVO:00000108	meadow ecosystem	True	False	False	0	0	True	True	False	False	False	False	False			411.0
ENVO:01000500	brick exterior wall	True	False	False	0	0	True	False	False	False	False	False	False			
ENVO:01001038	moderately saline water	True	False	False	0	0	False	False	False	False	False	True	False			21.0
ENVO:00000366	area designated as a national nature reserve	True	False	False	0	0	False	False	False	False	False	False	False			1.0
ENVO:00000382	lake shore	True	False	False	0	0	True	False	False	False	False	False	False			1.0
ENVO:01000999	rhizosphere environment	True	False	False	0	0	False	True	False	False	False	False	False			167.0
ENVO:01000047	mediterranean sea biome	True	False	False	0	0	True	True	True	False	True	False	False			
ENVO:00000335	polygonal karst	True	False	False	0	0	True	False	False	False	False	False	False			1.0
ENVO:03501300	manure	True	False	False	0	0	False	False	False	False	False	True	False			9.0
ENVO:01000349	root matter	True	False	False	0	0	False	False	False	False	False	True	False			285.0
ENVO:01000408	environmental zone	True	False	False	0	0	False	False	False	False	False	False	False			3.0
ENVO:00000435	proglacial lake	True	False	False	0	0	True	False	False	False	False	False	False			2.0
ENVO:00000449	drinking water reservoir	True	False	False	0	0	True	False	False	False	False	False	False			1.0
ENVO:00000324	outflow cave	True	False	False	0	0	True	False	False	False	False	False	False			1.0
ENVO:01000445	disturbed ecosystem	True	False	False	0	0	False	True	False	False	False	False	False			78.0
ENVO:00000343	particle of silt	True	False	False	0	0	False	False	False	False	False	False	False			1.0
ENVO:00000347	grain of sea sand	True	False	False	0	0	False	False	False	False	False	False	False			1.0
ENVO:00000098	island	True	False	False	0	0	True	False	False	False	False	False	False			419.0
ENVO:00000359	natural monument	True	False	False	0	0	False	True	False	False	False	False	False			1.0
ENVO:00000383	stream bed	True	False	False	0	0	True	False	False	False	False	False	False			1.0
OBI:0100026	organism	False	False	False	0	0	False	False	False	False	False	False	False			69.0
ENVO:01000123	marine sponge reef biome	True	False	False	0	0	True	True	True	False	True	False	False			
ENVO:00000116	vineyard	True	False	False	0	0	True	True	False	False	False	False	False			1355.0
ENVO:00009001	obsolete plant-associated habitat	True	True	False	0	0	False	False	False	False	False	False	False			2.0
ENVO:01000346	lower montane	True	False	False	0	0	False	False	False	False	False	False	False			5.0
PATO:0000587	decreased size	False	False	False	0	0	False	False	False	False	False	False	False			19.0
ENVO:03600077	photobioreactor	True	False	False	0	0	False	False	False	False	False	False	False			17.0
FOODON:00001071	grape must	False	False	False	0	0	False	False	False	False	False	True	False			1.0
ENVO:00000015	ocean	True	False	False	0	0	True	False	False	False	False	False	False			9.0
ENVO:01000385	temperate deciduous broadleaf forest	True	False	False	0	0	True	True	False	False	False	False	False			49.0
ENVO:01000417	house	True	False	False	0	0	True	False	False	False	False	False	False			448.0
ENVO:00000202	oxbow lake	True	False	False	0	0	True	False	False	False	False	False	False			1.0
ENVO:01001567	protected area	True	False	False	0	0	False	False	False	False	False	False	False			29.0
ENVO:02000007	tissue culture	True	False	False	0	0	False	False	False	False	False	False	False			22.0
ENVO:00000214	hadalpelagic zone	True	False	False	0	0	True	False	False	False	False	False	False			1.0
ENVO:01000195	flooded grassland biome	True	False	True	3	1	True	True	True	True	False	False	False			
ENVO:00005740	paddy field soil	True	False	False	0	0	True	False	False	False	False	True	False			1.0
ENVO:00000122	track	True	False	False	0	0	True	False	False	False	False	False	False			12.0
ENVO:00000467	university campus	True	False	False	0	0	True	False	False	False	False	False	False			4.0
ENVO:00005774	peat soil	True	False	False	0	0	True	False	False	False	False	True	False			489.0
ENVO:01001802	subtropical moist broadleaf forest	True	False	False	0	1	True	True	False	False	False	False	False			38.0
ENVO:00003868		False	False	False	0	0	False	False	False	False	False	False	False			
ENVO:00000325	polje	True	False	False	0	0	True	False	False	False	False	False	False			1.0
ENVO:00000389	intermittent wetland	True	False	False	0	0	False	True	False	False	False	False	False			1.0
ENVO:01000387	tropical deciduous broadleaf forest	True	False	False	0	0	True	True	False	False	False	False	False			9.0
ENVO:00000003	mine tailing	True	False	False	0	0	False	False	False	False	False	True	False			6.0
ENVO:01000763	rural settlement	True	False	False	0	0	True	True	False	False	False	False	False			76.0
ENVO:01001831	temperate biome	True	False	False	0	7	True	True	True	False	False	False	False			1703.0
ENVO:01001199	terrestrial environmental zone	True	False	False	0	0	True	False	False	False	False	False	False			7.0
ENVO:01000222	subtropical woodland biome	True	False	True	3	2	True	True	True	True	False	False	False			
ENVO:00000381	massif	True	False	False	0	0	True	False	False	False	False	False	False			1.0
ENVO:00000230	coastal wetland ecosystem	True	False	False	0	0	False	True	False	False	False	False	False			1.0
ENVO:01000204	tropical	True	False	False	0	0	False	False	False	False	False	False	False			990.0
ENVO:00000293	continental divide	True	False	False	0	0	True	False	False	False	False	False	False			1.0
ENVO:01000227	tropical dry broadleaf forest biome	True	False	True	5	1	True	True	True	True	False	False	False			
ENVO:00000337	obsolete orange juice	True	True	False	0	0	False	False	False	False	False	False	False			1.0
ENVO:01000178	savanna biome	True	False	True	3	7	True	True	True	True	False	False	False			2.0
ENVO:00000121	artificial channel	True	False	False	0	0	True	False	False	False	False	False	False			1.0
FOODON:00001256	dairy food product	False	False	False	0	0	False	False	False	False	False	True	False			1.0
ENVO:00000267	submarine canyon	True	False	False	0	0	True	False	False	False	False	False	False			1.0
ENVO:00000239	pocasin	True	False	False	0	0	False	True	False	False	False	False	False			1.0
ENVO:00000004	administrative region	True	False	False	0	0	False	False	False	False	False	False	False			
ENVO:00000279	saline pan	True	False	False	0	0	True	False	False	False	False	False	False			1.0
ENVO:01000046	marginal sea biome	True	False	False	0	0	True	True	True	False	True	False	False			
PATO:0045094	west	False	False	False	0	0	False	False	False	False	False	False	False			6.0
ENVO:00000164	rubber plantation	True	False	False	0	0	True	True	False	False	False	False	False			1.0
ENVO:01000249	urban biome	True	False	False	0	0	True	True	True	False	False	False	False			2704.0
PO:0009008	plant organ	False	False	False	0	0	False	False	False	False	False	False	False			1.0
ENVO:01000028	marine hadal zone biome	True	False	False	0	0	True	True	True	False	True	False	False			1.0
ENVO:5		False	False	False	0	0	False	False	False	False	False	False	False			1.0
ENVO:02000023	bile material	True	False	False	0	0	False	False	False	False	False	True	False			1.0
ENVO:00000283	ridge	True	False	False	0	0	True	False	False	False	False	False	False			1.0
ENVO:00000260	prairie	True	False	False	0	0	True	False	False	False	False	False	False			670.0
ENVO:00000433	kame terrace	True	False	False	0	0	True	False	False	False	False	False	False			3.0
ENVO:01001835	alpine biome	True	False	False	0	1	True	True	True	False	False	False	False			4.0
ENVO:01000211	temperate coniferous forest biome	True	False	True	4	1	True	True	True	True	False	False	False			82.0
ENVO:01000884	area of developed space with low usage intensity	True	False	False	0	0	True	False	False	False	False	False	False			110.0
ENVO:00005802	bulk soil	True	False	False	0	0	True	False	False	False	False	True	False			972.0
FOODON:00001146	solanaceous root food product	False	False	False	0	0	False	False	False	False	False	True	False			241.0
ENVO:00000195	sinkhole	True	False	False	0	0	True	False	False	False	False	False	False			2.0
ENVO:00000288	cotton plantation	True	False	False	0	0	True	True	False	False	False	False	False			1.0
ENVO:01000029	marine reef biome	True	False	False	0	0	True	True	True	False	True	False	False			
ENVO:100012		False	False	False	0	0	False	False	False	False	False	False	False			1.0
ENVO:01000215	temperate shrubland biome	True	False	True	3	1	True	True	True	True	False	False	False			155.0
ENVO:1000125		False	False	False	0	0	False	False	False	False	False	False	False			1.0
ENVO:01000313	anthropogenic environment	True	False	False	0	3	False	True	False	False	False	False	False			5324.0
ENVO:00000437	Nye channel	True	False	False	0	0	True	False	False	False	False	False	False			2.0
ENVO:01000576	apiary	True	False	False	0	0	False	True	False	False	False	False	False			2.0
ENVO:01000696	mass wasting flow	True	False	False	0	0	False	False	False	False	False	False	False			15.0
ENVO:00000291	drainage basin	True	False	False	0	0	True	False	False	False	False	False	False			1.0
ENVO:01000182	temperate desert biome	True	False	False	0	0	True	True	True	False	False	False	False			1.0
ENVO:00000101	delta	True	False	False	0	0	True	False	False	False	False	False	False			1.0
ENVO:00000191	solid astronomical body part	True	False	False	0	0	True	False	False	False	False	False	False			2.0
ENVO:01000049	marine coral reef biome	True	False	False	0	0	True	True	True	False	True	False	False			
ENVO:00000376	biosphere reserve	True	False	False	0	0	False	False	False	False	False	False	False			1.0
NCBITaxon:9606	Homo sapiens	False	False	False	0	0	False	False	False	False	False	False	False			303.0
ENVO:00000353	island arc	True	False	False	0	0	True	False	False	False	False	False	False			1.0
ENVO:00000228	inverse estuary	True	False	False	0	0	True	False	False	False	False	False	False			1.0
ENVO:00000163	coffee plantation	True	False	False	0	0	True	True	False	False	False	False	False			144.0
ENVO:06105013	marine biota	True	False	False	0	0	False	False	False	False	False	False	False			8.0
ENVO:00002030	aquatic biome	True	False	False	0	0	True	True	True	False	True	False	False			237.0
ENVO:01000830	water-based rainfall	True	False	False	0	0	False	False	False	False	False	False	False			9.0
ENVO:01001000	environmental system determined by an organism	True	False	False	0	0	False	True	False	False	False	False	False			33.0
ENVO:01000207	mediterranean	True	False	False	0	0	False	False	False	False	False	False	False			877.0
ENVO:01000034	oceanic sea surface microlayer biome	True	False	False	0	0	True	True	True	False	True	False	False			
ENVO:01000320	marine environment	True	False	False	0	0	True	True	False	False	False	False	False			2.0
ENVO:00000211	marine bathypelagic zone	True	False	False	0	0	True	False	False	False	False	False	False			1.0
ENVO:01000280	ecozone	True	False	False	0	0	True	True	False	False	False	False	False			6.0
ENVO:00000329	phreatic zone	True	False	False	0	0	True	False	False	False	False	False	False			1.0
ENVO:00000244	abyssal plain	True	False	False	0	0	True	False	False	False	False	False	False			1.0
ENVO:00000372	pyroclastic shield volcano	True	False	False	0	0	True	False	False	False	False	False	False			1.0
ENVO:01000311	cultivated environment	True	False	False	0	0	False	True	False	False	False	False	False			1578.0
ENVO:00000356	pyroclastic cone	True	False	False	0	0	True	False	False	False	False	False	False			1.0
ENVO:00000303	sea coast	True	False	False	0	0	True	False	False	False	False	False	False			8.0
ENVO:00000342	ice cap dome	True	False	False	0	0	True	False	False	False	False	False	False			1.0
ENVO:01000206	temperate	True	False	False	0	0	False	False	False	False	False	False	False			2028.0
ENVO:00000378	canal head reservoir	True	False	False	0	0	True	False	False	False	False	False	False			1.0
ENVO:01001113	forage material	True	False	False	0	0	False	False	False	False	False	True	False			1.0
ENVO:00000256	floodway	True	False	False	0	0	True	False	False	False	False	False	False			1.0
ENVO:00000278	dry stream	True	False	False	0	0	True	False	False	False	False	False	False			1.0
ENVO:00000321	joint-plane cave	True	False	False	0	0	True	False	False	False	False	False	False			1.0
ENVO:00003866		False	False	False	0	0	False	False	False	False	False	False	False			
ENVO:00000377	artificial lake	True	False	False	0	0	True	False	False	False	False	False	False			1.0
ENVO:01001790	terrestrial ecosystem	True	False	False	0	52	True	True	False	False	False	False	False			627.0
ENVO:00000334	syngenetic karst	True	False	False	0	0	True	False	False	False	False	False	False			1.0
ENVO:00000289	horst	True	False	False	0	0	True	False	False	False	False	False	False			1.0
ENVO:01000208	mediterranean woodland biome	True	False	True	4	1	True	True	True	True	False	False	False			206.0
ENVO:00000009	national geopolitical entity	True	False	False	0	0	False	False	False	False	False	False	False			820.0
ENVO:01000212	temperate mixed forest biome	True	False	True	4	1	True	True	True	True	False	False	False			233.0
ENVO:00000274	continental rise	True	False	False	0	0	True	False	False	False	False	False	False			1.0
ENVO:00002204	anthropogenic contamination feature	True	False	False	0	0	True	False	False	False	False	False	False			4.0
ENVO:01000033	oceanic pelagic zone biome	True	False	False	0	0	True	True	True	False	True	False	False			
ENVO:01001243	forest ecosystem	True	False	False	0	18	True	True	False	False	False	False	False			592.0
ENVO:00000134	permafrost	True	False	False	0	0	False	False	False	False	False	True	False			131.0
ENVO:01000038	oceanic abyssopelagic zone biome	True	False	False	0	0	True	True	True	False	True	False	False			
ENVO:00000431	drumlin field	True	False	False	0	0	True	False	False	False	False	False	False			3.0
ENVO:00000361	site of special scientific interest	True	False	False	0	0	False	False	False	False	False	False	False			1.0
ENVO:01000059	sea grass bed	True	False	False	0	0	True	False	False	False	False	False	False			218.0
ENVO:00005745	allotment garden	True	False	False	0	0	True	False	False	False	False	False	False			23.0
ENVO:01000422	bathroom	True	False	False	0	0	True	False	False	False	False	False	False			2.0
ENVO:01001837	subalpine biome	True	False	False	0	0	True	True	True	False	False	False	False			70.0
ENVO:01000891	area of pastureland or hayfields	True	False	False	0	0	True	False	False	False	False	False	False			12.0
ENVO:00000305	peninsula	True	False	False	0	0	True	False	False	False	False	False	False			3.0
ENVO:01000430	broadleaf forest	True	False	False	0	8	True	True	False	False	False	False	False			2.0
ENVO:00000054	saline marsh	True	False	False	0	0	False	True	False	False	False	False	False			753.0
ENVO:00000119	planted forest	True	False	False	0	0	True	True	False	False	False	False	False			141.0
ENVO:01000253	freshwater river biome	True	False	False	0	0	True	True	True	False	True	False	False			
ENVO:00000005	first-order administrative region	True	False	False	0	0	False	False	False	False	False	False	False			
ENVO:00000448	hydroelectric reservoir	True	False	False	0	0	True	False	False	False	False	False	False			1.0
ENVO:01000397	temperate broadleaf evergreen forest	True	False	False	0	0	True	True	False	False	False	False	False			1787.0
ENVO:00000213	marine mesopelagic zone	True	False	False	0	0	True	False	False	False	False	False	False			1.0
ENVO:00002149	sea water	True	False	False	0	0	False	False	False	False	False	True	False			9.0
PATO:0015010	increased humidity	False	False	False	0	0	False	False	False	False	False	False	False			1.0
ENVO:01001406	laboratory facility	True	False	False	0	0	True	False	False	False	False	False	False			445.0
ENVO:00000365	Ramsar site	True	False	False	0	0	False	False	False	False	False	False	False			1.0
ENVO:01000188	tropical savanna biome	True	False	True	4	1	True	True	True	True	False	False	False			
ENVO:00000436	tunnel valley	True	False	False	0	0	True	False	False	False	False	False	False			2.0
ENVO:01000381	continental temperate	True	False	False	0	0	False	False	False	False	False	False	False			82.0
ENVO:01000223	montane savanna biome	True	False	True	4	1	True	True	True	True	False	False	False			
ENVO:01001059	mock community culture	True	False	False	0	0	False	False	False	False	False	True	False			16.0
ENVO:00000172	sandy desert	True	False	False	0	0	True	False	False	False	False	False	False			1216.0
ENVO:01001446	usage of an environment for residential activity	True	False	False	0	0	False	False	False	False	False	False	False			2.0
ENVO:00000216	fumarole	True	False	False	0	0	True	False	False	False	False	False	False			1.0
ENVO:00000226	saline wedge estuary	True	False	False	0	0	True	False	False	False	False	False	False			1.0
ENVO:01001397	ultisol	True	False	False	0	0	True	False	False	False	False	True	False			54.0
ENVO:00000159	sugar plantation	True	False	False	0	0	True	True	False	False	False	False	False			17.0
ENVO:01000017	sand	True	False	False	0	0	False	False	False	False	False	True	False			1.0
ENVO:01001800	tropical moist broadleaf forest	True	False	False	0	1	True	True	False	False	False	False	False			16.0
ENVO:00000205	permanent spring	True	False	False	0	0	True	False	False	False	False	False	False			1.0
ENVO:01001206	grassland ecosystem	True	False	False	0	7	True	True	False	False	False	False	False			403.0
ENVO:01000772	rural area	True	False	False	0	0	True	False	False	False	False	False	False			84.0
ENVO:00000123	political entity	True	False	False	0	0	False	False	False	False	False	False	False			1.0
ENVO:00005755	field soil	True	False	False	0	0	True	False	False	False	False	True	False			40.0
ENVO:00000170	dune	True	False	False	0	0	True	False	False	False	False	False	False			80.0
ENVO:00000117	plantation	True	False	False	0	0	True	True	False	False	False	False	False			161.0
ENVO:00000363	area designated as a nature reserve	True	False	False	0	0	False	False	False	False	False	False	False			163.0
ENVO:01000194	montane grassland biome	True	False	True	3	1	True	True	True	True	False	False	False			2.0
ENVO:00000450	irrigation reservoir	True	False	False	0	0	True	False	False	False	False	False	False			1.0
ENVO:00000238	fluvial dambo	True	False	False	0	0	False	True	False	False	False	False	False			1.0
ENVO:00000106	grassland area	True	False	False	0	0	True	False	False	False	False	False	False			1.0
ENVO:00000232	fen	True	False	False	0	0	False	True	False	False	False	False	False			1.0
ENVO:00000307	icefall	True	False	False	0	0	True	False	False	False	False	False	False			1.0
ENVO:00003030	silage	True	False	False	0	0	False	False	False	False	False	True	False			241.0
ENVO:00000327	speleothem	True	False	False	0	0	True	False	False	False	False	False	False			1.0
ENVO:01000447	roadside	True	False	False	0	0	True	False	False	False	False	False	False			10.0
ENVO:01000371	agricultural waste material	True	False	False	0	0	False	False	False	False	False	True	False			1.0
ENVO:00000379	inundation disposition	True	False	False	0	0	False	False	False	False	False	False	False			1.0
FOODON:00001151	citrus fruit food product	False	False	False	0	0	False	False	False	False	False	True	False			201.0
ENVO:00000091	beach	True	False	False	0	0	True	False	False	False	False	False	False			2.0
ENVO:00000386	river mouth	True	False	False	0	0	True	False	False	False	False	False	False			1.0
ENVO:01000230	arid	True	False	False	0	0	False	False	False	False	False	False	False			21.0
FOODON:00002012	lupine bean food product	False	False	False	0	0	False	False	False	False	False	True	False			1.0
ENVO:01000186	polar desert biome	True	False	False	0	0	True	True	True	False	False	False	False			
ENVO:00000247	volcano	True	False	False	0	0	True	False	False	False	False	False	False			1.0
UBERON:0001988	feces	False	False	False	0	0	False	False	False	False	False	False	False			1.0
ENVO:00000199	meromictic lake	True	False	False	0	0	True	False	False	False	False	False	False			1.0
ENVO:00000890	small river biome	True	False	False	0	0	True	True	True	False	True	False	False			
ENVO:01001809	subtropical grassland	True	False	False	0	2	True	True	False	False	False	False	False			187.0
ENVO:00002006	liquid water	True	False	False	0	0	False	False	False	False	False	True	False			30.0
ENVO:01000641	planetary core	True	False	False	0	0	True	False	False	False	False	False	False			1.0
NCBITaxon:2157	Archaea	False	False	False	0	0	False	False	False	False	False	False	False			1.0
ENVO:00000298	marine iceberg	True	False	False	0	0	True	False	False	False	False	False	False			1.0
ENVO:00000118	coconut plantation	True	False	False	0	0	True	True	False	False	False	False	False			1.0
ENVO:00000268	lake bed	True	False	False	0	0	True	False	False	False	False	False	False			1.0
ENVO:00000269	land-tied island	True	False	False	0	0	True	False	False	False	False	False	False			1.0
ENVO:00000043	wetland area	True	False	False	0	0	True	False	False	False	False	False	False			86.0
ENVO:00000374	wildlife management area	True	False	False	0	0	False	False	False	False	False	False	False			1.0
ENVO:00000002	anthropogenic geographic feature	True	False	False	0	0	True	False	False	False	False	False	False			54.0
ENVO:00000320	crevasse	True	False	False	0	0	True	False	False	False	False	False	False			1.0
ENVO:01000203	environmental condition	True	False	False	0	0	False	False	False	False	False	False	False			48.0
ENVO:00000891	large freshwater lake biome	True	False	False	0	0	True	True	True	False	True	False	False			
ENVO:01001803	tropical forest	True	False	False	0	5	True	True	False	False	False	False	False			1309.0
ENVO:00000161	banana plantation	True	False	False	0	0	True	True	False	False	False	False	False			38.0
ENVO:00000380	ice shelf	True	False	False	0	0	True	False	False	False	False	False	False			1.0
ENVO:02500002	flooding	True	False	False	0	0	False	False	False	False	False	False	False			1.0
ENVO:01000184	subtropical desert biome	True	False	False	0	0	True	True	True	False	False	False	False			3.0
ENVO:01000176	shrubland biome	True	False	True	2	8	True	True	True	True	False	False	False			5.0
ENVO:00000078	farm	True	False	False	0	0	False	True	False	False	False	False	False			4125.0
ENVO:01000499	pole-reinforced mud exterior wall	True	False	False	0	0	True	False	False	False	False	False	False			
ENVO:4		False	False	False	0	0	False	False	False	False	False	False	False			1.0
ENVO:00000371	complex volcano	True	False	False	0	0	True	False	False	False	False	False	False			1.0
ENVO:00000142	stream bank	True	False	False	0	0	True	False	False	False	False	False	False			16.0
ENVO:00000263	fissure cave	True	False	False	0	0	True	False	False	False	False	False	False			1.0
ENVO:00000222	oceanic island	True	False	False	0	0	True	False	False	False	False	False	False			1.0
ENVO:01000183	tropical desert biome	True	False	False	0	0	True	True	True	False	False	False	False			1.0
ENVO:01000886	area of developed space with high usage intensity	True	False	False	0	0	True	False	False	False	False	False	False			144.0
ENVO:00000007	third-order administrative region	True	False	False	0	0	False	False	False	False	False	False	False			
ENVO:01000251	subpolar	True	False	False	0	0	False	False	False	False	False	False	False			549.0
ENVO:01000244	pinyon juniper woodland	True	False	False	0	0	True	True	False	False	False	False	False			1.0
ENVO:01000048	ocean biome	True	False	False	0	0	True	True	True	False	True	False	False			
ENVO:01000164	root nodule	True	False	False	0	0	False	False	False	False	False	False	False			90.0
PATO:0000140	position	False	False	False	0	0	False	False	False	False	False	False	False			1.0
CHEBI:17891	donor	False	False	False	0	0	False	False	False	False	False	False	False			2.0
ENVO:00000271	chott	True	False	False	0	0	True	False	False	False	False	False	False			1.0
ENVO:00000350	somma volcano	True	False	False	0	0	True	False	False	False	False	False	False			1.0
ENVO:01000205	subtropical	True	False	False	0	0	False	False	False	False	False	False	False			183.0
ENVO:00000315	bajada	True	False	False	0	0	True	False	False	False	False	False	False			1.0
ENVO:00003863	food processing building	True	False	False	0	0	True	False	False	False	False	False	False			
ENVO:00000276	drumlin	True	False	False	0	0	True	False	False	False	False	False	False			1.0
ENVO:00000022	river	True	False	False	0	0	True	False	False	False	False	False	False			2.0
ENVO:03501256	sheet of paper	True	False	False	0	0	False	False	False	False	False	False	False			1.0
ENVO:00000151	sabkha	True	False	False	0	0	True	False	False	False	False	False	False			1.0
ENVO:00000314	alluvial fan	True	False	False	0	0	True	False	False	False	False	False	False			1.0
ENVO:01000052	marine white smoker biome	True	False	False	0	0	True	True	True	False	True	False	False			
ENVO:01000127	marine cold seep biome	True	False	False	0	0	True	True	True	False	True	False	False			
CHEBI:60004	mixture	False	False	False	0	0	False	False	False	False	False	False	False			50.0
ENVO:01000414	young plant	True	False	False	0	0	False	False	False	False	False	False	False			223.0
ENVO:00000203	rift lake	True	False	False	0	0	True	False	False	False	False	False	False			1.0
ENVO:00002872	bagasse	True	False	False	0	0	False	False	False	False	False	True	False			4.0
ENVO:01003002	particle	True	False	False	0	0	False	False	False	False	False	False	False			127.0
ENVO:00000254	till plain	True	False	False	0	0	True	False	False	False	False	False	False			1.0
ENVO:01000246	village biome	True	False	False	0	0	True	True	True	False	False	False	False			45.0
ENVO:00000390	mountain spur	True	False	False	0	0	True	False	False	False	False	False	False			1.0
ENVO:00000233	swamp ecosystem	True	False	False	0	0	False	True	False	False	False	False	False			2.0
ENVO:00000416	coastal dune	True	False	False	0	0	True	False	False	False	False	False	False			1.0
ENVO:01000428	area of rocky shore	True	False	False	0	0	True	False	False	False	False	False	False			1.0
ENVO:01000022	marine salt marsh biome	True	False	False	0	0	True	True	True	False	True	False	False			287.0
ENVO:00002237	chernozem	True	False	False	0	0	True	False	False	False	False	True	False			1.0
ENVO:00000258	alluvial plain	True	False	False	0	0	True	False	False	False	False	False	False			1.0
ENVO:00000193	olive grove	True	False	False	0	0	True	True	False	False	False	False	False			114.0
ENVO:01000037	oceanic bathypelagic zone biome	True	False	False	0	0	True	True	True	False	True	False	False			
ENVO:00000076	mine	True	False	False	0	0	True	False	False	False	False	False	False			78.0
ENVO:00000286	polder	True	False	False	0	0	True	False	False	False	False	False	False			1.0
ENVO:01000192	tropical grassland biome	True	False	True	3	1	True	True	True	True	False	False	False			
ENVO:01000245	cropland biome	True	False	True	3	1	True	True	True	True	False	False	False			5457.0
ENVO:6		False	False	False	0	0	False	False	False	False	False	False	False			1.0
ENVO:01001805	temperate forest	True	False	False	0	3	True	True	False	False	False	False	False			10317.0
ENVO:03501217	tissue paper	True	False	False	0	0	False	False	False	False	False	False	False			18.0
NCBITaxon:1	root	False	False	False	0	0	False	False	False	False	False	False	False			2092.0
ENVO:01001209	wetland ecosystem	True	False	False	0	0	False	True	False	False	False	False	False			21.0
ENVO:00000432	monadnock	True	False	False	0	0	True	False	False	False	False	False	False			3.0
ENVO:01001705	temperate environment	True	False	False	0	7	False	True	False	False	False	False	False			106.0
ENVO:01000436	waterborne particulate matter	True	False	False	0	0	False	False	False	False	False	True	False			1.0
ENVO:01000312	culturing environment	True	False	False	0	0	False	True	False	False	False	False	False			73.0
ENVO:00000348	grain of rocky sand	True	False	False	0	0	False	False	False	False	False	False	False			1.0
ENVO:02000047	animal feed	True	False	False	0	0	False	False	False	False	False	True	False			163.0
ENVO:00000331	stalactite	True	False	False	0	0	True	False	False	False	False	False	False			1.0
ENVO:00000306	spit	True	False	False	0	0	True	False	False	False	False	False	False			1.0
ENVO:00000206	marine neritic zone	True	False	False	0	0	True	False	False	False	False	False	False			1.0
ENVO:00000252	terminal moraine	True	False	False	0	0	True	False	False	False	False	False	False			1.0
ENVO:00000316	intertidal zone	True	False	False	0	0	True	False	False	False	False	False	False			9.0
ENVO:00000077	agricultural ecosystem	True	False	False	0	0	False	True	False	False	False	False	False			2046.0
ENVO:00003864	bakery	True	False	False	0	0	True	False	False	False	False	False	False			
ENVO:00000006	second-order administrative region	True	False	False	0	0	False	False	False	False	False	False	False			
ENVO:00000384	river bed	True	False	False	0	0	True	False	False	False	False	False	False			1.0
ENVO:01000128	dilution basin mediterranean sea biome	True	False	False	0	0	True	True	True	False	True	False	False			
ENVO:00000266	pasture	True	False	False	0	0	True	True	False	False	False	False	False			4.0
ENVO:01000860	temperate marine upwelling biome	True	False	False	0	0	True	True	True	False	True	False	False			
ENVO:00002267	industrial waste material	True	False	False	0	0	False	False	False	False	False	True	False			12.0
ENVO:01001082	climate	True	False	False	0	0	False	False	False	False	False	False	False			260.0
ENVO:00000388	obsolete intermittent watercourse	True	True	False	0	0	False	False	False	False	False	False	False			1.0
ENVO:01000906	aquaculture process	True	False	False	0	0	False	False	False	False	False	False	False			1.0
ENVO:00000236	dambo	True	False	False	0	0	False	True	False	False	False	False	False			1.0
ENVO:01000857	temperate mediterranean sea biome	True	False	False	0	0	True	True	True	False	True	False	False			
ENVO:00000111	forested area	True	False	False	0	0	True	False	False	False	False	False	False			6079.0
ENVO:03501130	school building	True	False	False	0	0	True	False	False	False	False	False	False			3.0
ENVO:01001801	subtropical dry broadleaf forest	True	False	False	0	1	True	True	False	False	False	False	False			17.0
ENVO:00000469	research facility	True	False	False	0	0	True	False	False	False	False	False	False			25.0
ENVO:01000225	subtropical dry broadleaf forest biome	True	False	True	5	1	True	True	True	True	False	False	False			
ENVO:01001004	groundwater	True	False	False	0	0	False	False	False	False	False	True	False			1.0
ENVO:01000856	temperate marginal sea biome	True	False	False	0	0	True	True	True	False	True	False	False			4.0
ENVO:00000224	slightly stratified estuary	True	False	False	0	0	True	False	False	False	False	False	False			1.0
ENVO:01000440	dacitic volcano	True	False	False	0	0	True	False	False	False	False	False	False			1.0
ENVO:01000431	mixed forest	True	False	False	0	3	True	True	False	False	False	False	False			791.0
CHEBI:24866	salt	False	False	False	0	0	False	False	False	False	False	False	False			39.0
ENVO:00000204	ephemeral spring	True	False	False	0	0	True	False	False	False	False	False	False			1.0
ENVO:00000097	desert area	True	False	False	0	0	True	False	False	False	False	False	False			55.0
ENVO:00000444	woodland clearing	True	False	False	0	0	True	False	False	False	False	False	False			1.0
ENVO:01000025	marine neritic benthic zone biome	True	False	False	0	0	True	True	True	False	True	False	False			
ENVO:01001181	rhizoplane	True	False	False	0	0	False	False	False	False	False	False	False			2.0
ENVO:01000621	microcosm	True	False	False	0	0	False	False	False	False	False	False	False			417.0
ENVO:00000887	large river biome	True	False	False	0	0	True	True	True	False	True	False	False			
ENVO:01000024	marine benthic biome	True	False	False	0	0	True	True	True	False	True	False	False			722.0
ENVO:01000610	motor	True	False	False	0	0	False	False	False	False	False	False	False			5.0
ENVO:00000301	chaparral area	True	False	False	0	0	True	False	False	False	False	False	False			1.0
ENVO:00000368	ephemeral island	True	False	False	0	0	True	False	False	False	False	False	False			1.0
ENVO:01000030	marine hydrothermal vent biome	True	False	False	0	0	True	True	True	False	True	False	False			1.0
ENVO:01000219	anthropogenic terrestrial biome	True	False	True	2	3	True	True	True	True	False	False	False			1287.0
ENVO:00000201	fjord lake	True	False	False	0	0	True	False	False	False	False	False	False			1.0
ENVO:00000285	quicksand bed	True	False	False	0	0	False	False	False	False	False	False	False			1.0
ENVO:00000162	tea plantation	True	False	False	0	0	True	True	False	False	False	False	False			1.0
ENVO:01000687	coast	True	False	False	0	0	True	False	False	False	False	False	False			31.0
ENVO:00000219	landlocked sea	True	False	False	0	0	True	False	False	False	False	False	False			1.0
ENVO:00000319	low tide zone	True	False	False	0	0	True	False	False	False	False	False	False			1.0
ENVO:00000375	world heritage site	True	False	False	0	0	False	False	False	False	False	False	False			1.0
ENVO:00000273	continental slope	True	False	False	0	0	True	False	False	False	False	False	False			1.0
ENVO:01000441	andesite	True	False	False	0	0	False	False	False	False	False	True	False			6.0
ENVO:01000498	pole	True	False	False	0	0	False	False	False	False	False	False	False			
ENVO:03000133	agricultural potting mixture	True	False	False	0	0	False	False	False	False	False	True	False			85.0
ENVO:00002261	forest soil	True	False	False	0	0	True	False	False	False	False	True	False			60.0
ENVO:01000189	temperate savanna biome	True	False	True	4	1	True	True	True	True	False	False	False			
ENVO:01000252	freshwater lake biome	True	False	False	0	0	True	True	True	False	True	False	False			
PATO:0000049	intensity	False	False	False	0	0	False	False	False	False	False	False	False			43.0
ENVO:00002124	anaerobic bioreactor	True	False	False	0	0	False	False	False	False	False	False	False			13.0
ENVO:00003096	tap water	True	False	False	0	0	False	False	False	False	False	True	False			16.0
ENVO:01000202	temperate broadleaf forest biome	True	False	True	4	1	True	True	True	True	False	False	False			61.0
ENVO:01000419	domestic garden	True	False	False	0	0	True	False	False	False	False	False	False			39.0
PATO:0001430	alkaline	False	False	False	0	0	False	False	False	False	False	False	False			1.0
ENVO:01000888	area of gramanoid or herbaceous vegetation	True	False	False	0	0	True	False	False	False	False	False	False			20.0
ENVO:00000229	intermittent estuary	True	False	False	0	0	True	False	False	False	False	False	False			1.0
ENVO:01000739	habitat	True	False	False	0	0	True	True	False	False	False	False	False			441.0
ENVO:00005780	greenhouse soil	True	False	False	0	0	True	False	False	False	False	True	False			344.0
ENVO:01000026	marine bathyal zone biome	True	False	False	0	0	True	True	True	False	True	False	False			
ENVO:01001505	alpine tundra biome	True	False	True	3	1	True	True	True	True	False	False	False			
ENVO:00000277	dry lake	True	False	False	0	0	True	False	False	False	False	False	False			1.0
ENVO:00000439	dell	True	False	False	0	0	True	False	False	False	False	False	False			2.0
ENVO:00000104	undersea feature	True	False	False	0	0	True	False	False	False	False	False	False			115.0
ENVO:0000428		False	False	False	0	0	False	False	False	False	False	False	False			1.0
ENVO:01000224	mediterranean grassland biome	True	False	True	4	1	True	True	True	True	False	False	False			3.0
ENVO:00000340	particle of sand	True	False	False	0	0	False	False	False	False	False	False	False			1.0
PATO:0000323	white	False	False	False	0	0	False	False	False	False	False	False	False			30.0
PATO:0000060	spatial pattern	False	False	False	0	0	False	False	False	False	False	False	False			1.0
ENVO:01000502	unburnt brick	True	False	False	0	0	False	False	False	False	False	False	False			
ENVO:00000290	graben	True	False	False	0	0	True	False	False	False	False	False	False			1.0
ENVO:01001121	plant matter	True	False	False	0	0	False	False	False	False	False	True	False			161.0
ENVO:01001804	subtropical forest	True	False	False	0	5	True	True	False	False	False	False	False			497.0
ENVO:00000234	bayou	True	False	False	0	0	True	False	False	False	False	False	False			1.0
ENVO:01000432	swamp forest	True	False	False	0	0	True	True	False	False	False	False	False			1.0
ENVO:01000859	tropical marine upwelling biome	True	False	False	0	0	True	True	True	False	True	False	False			
ENVO:00000370	tuya	True	False	False	0	0	True	False	False	False	False	False	False			1.0
RO:0002577	system	False	False	False	0	52	False	False	False	False	False	False	False			290.0
ENVO:01000039	oceanic hadal pelagic zone biome	True	False	False	0	0	True	True	True	False	True	False	False			
ENVO:00000237	hydromorphic/phreatic dambo	True	False	False	0	0	False	True	False	False	False	False	False			1.0
CHEBI:37527	acid	False	False	False	0	0	False	False	False	False	False	False	False			2.0
ENVO:00000208	marine pelagic zone	True	False	False	0	0	True	False	False	False	False	False	False			1.0
ENVO:01001457	cloud forest	True	False	False	0	0	True	True	False	False	False	False	False			9.0
ENVO:01000179	desert biome	True	False	False	0	0	True	True	True	False	False	False	False			6.0
ENVO:01000378	arid subtropical	True	False	False	0	0	False	False	False	False	False	False	False			1.0
ENVO:00003867		False	False	False	0	0	False	False	False	False	False	False	False			
ENVO:01000221	temperate woodland biome	True	False	True	3	1	True	True	True	True	False	False	False			832.0
ENVO:01000416	ultrafine respirable suspended particulate matter	True	False	False	0	0	False	False	False	False	False	True	False			2.0
ENVO:01000010	obsolete abiotic mesoscopic physical object	True	True	False	0	0	False	False	False	False	False	False	False			2.0
ENVO:01000429	burrow	True	False	False	0	0	True	False	False	False	False	False	False			1.0
ENVO:01001230	tropical marginal sea biome	True	False	False	0	0	True	True	True	False	True	False	False			
ENVO:00000856	city	True	False	False	0	0	True	True	False	False	False	False	False			239.0
ENVO:00001995	rock	True	False	False	0	0	False	False	False	False	False	True	False			31.0
ENVO:01000426	room	True	False	False	0	0	True	False	False	False	False	False	False			7.0
ENVO:00000373	obsolete geothermal field	True	True	False	0	0	False	False	False	False	False	False	False			1.0
ENVO:01000214	tropical shrubland biome	True	False	True	3	1	True	True	True	True	False	False	False			1.0
ENVO:00005757	bacteria enriched soil	True	False	False	0	0	True	False	False	False	False	True	False			58.0
ENVO:00000035	marsh	True	False	False	0	0	False	True	False	False	False	False	False			521.0
ENVO:00000280	escarpment	True	False	False	0	0	True	False	False	False	False	False	False			1.0
ENVO:00002224	eutrophic water	True	False	False	0	0	False	False	False	False	False	True	False			4.0
ENVO:01001442	agriculture	True	False	False	0	0	False	False	False	False	False	False	False	192.0		411.0
ENVO:01000210	tropical coniferous forest biome	True	False	True	4	1	True	True	True	True	False	False	False			
ENVO:00000443	flood control reservoir	True	False	False	0	0	True	False	False	False	False	False	False			1.0
ENVO:00000338	vomit material	True	False	False	0	0	False	False	False	False	False	True	False			1.0
ENVO:01000620	mesocosm	True	False	False	0	0	False	False	False	False	False	False	False			128.0
CHEBI:33232	application	False	False	False	0	0	False	False	False	False	False	False	False			4.0
ENVO:00000029	watercourse	True	False	False	0	0	True	False	False	False	False	False	False			3.0
ENVO:00000873	freshwater biome	True	False	False	0	0	True	True	True	False	True	False	False			275.0
ENVO:01000175	woodland biome	True	False	True	2	12	True	True	True	True	False	False	False			552.0
ENVO:00002199	sandy beach	True	False	False	0	0	True	False	False	False	False	False	False			498.0
ENVO:00000182	plateau	True	False	False	0	0	True	False	False	False	False	False	False			4.0
ENVO:00000333	subjacent karst	True	False	False	0	0	True	False	False	False	False	False	False			1.0
ENVO:028607		False	False	False	0	0	False	False	False	False	False	False	False			279.0
ENVO:00000367	IUCN national park	True	False	False	0	0	False	False	False	False	False	False	False			1.0
ENVO:01001813	construction	True	False	False	0	0	False	False	False	False	False	False	False			1.0
ENVO:01000201	subtropical broadleaf forest biome	True	False	True	4	3	True	True	True	True	False	False	False			
PATO:0045093	south	False	False	False	0	0	False	False	False	False	False	False	False			91.0
ENVO:00000264	seamount	True	False	False	0	0	True	False	False	False	False	False	False			1.0
ENVO:01000951	natural environment	True	False	False	0	0	False	True	False	False	False	False	False			101.0
ENVO:01000197	broadleaf forest biome	True	False	True	3	8	True	True	True	True	False	False	False			44.0
ENVO:01001244	cropland ecosystem	True	False	False	0	1	True	True	False	False	False	False	False			96.0
ENVO:01000185	montane desert biome	True	False	False	0	0	True	True	True	False	False	False	False			
ENVO:00000080	mountain range	True	False	False	0	0	True	False	False	False	False	False	False			1.0
UBERON:0002100	trunk	False	False	False	0	0	False	False	False	False	False	False	False			1.0
ENVO:00000369	brine pool	True	False	False	0	0	True	False	False	False	False	False	False			1.0
ENVO:00002229	arenosol	True	False	False	0	0	True	False	False	False	False	True	False			3.0
ENVO:01000050	marine subtidal rocky reef biome	True	False	False	0	0	True	True	True	False	True	False	False			2.0
ENVO:01001794	temperate broadleaf forest	True	False	False	0	1	True	True	False	False	False	False	False			118.0
FOODON:00001181	food (cooked)	False	False	False	0	0	False	False	False	False	False	True	False			1.0
ENVO:01000984	grocery store	True	False	False	0	0	True	False	False	False	False	False	False			3.0
FOODON:03420108	sugar	False	False	False	0	0	False	False	False	False	False	True	False			21.0
ENVO:00000262	steppe	True	False	False	0	0	True	False	False	False	False	False	False			43.0
ENVO:00005750	grassland soil	True	False	False	0	0	True	False	False	False	False	True	False			16.0
CHEBI:33290	food	False	False	False	0	0	False	False	False	False	False	False	False			144.0
ENVO:01000004	concentration basin mediterranean sea biome	True	False	False	0	0	True	True	True	False	True	False	False			
ENVO:00000352	continental arc	True	False	False	0	0	True	False	False	False	False	False	False			1.0
ENVO:01000051	marine black smoker biome	True	False	False	0	0	True	True	True	False	True	False	False			
ENVO:01001369	tidal mangrove shrubland	True	False	True	3	1	True	True	True	True	False	False	False			
ENVO:00003018	obsolete Mediterranean Division - Mountain Provinces (M260)	True	True	False	0	0	False	False	False	False	False	False	False			60.0
ENVO:01000239	oak woodland	True	False	False	0	0	True	True	False	False	False	False	False			27.0
ENVO:00000020	lake	True	False	False	0	0	True	False	False	False	False	False	False			41.0
ENVO:00000246	volcanic crater	True	False	False	0	0	True	False	False	False	False	False	False			2.0
ENVO:01000198	mixed forest biome	True	False	True	3	3	True	True	True	True	False	False	False			5375.0
ENVO:01000854	tropical marine coral reef biome	True	False	False	0	0	True	True	True	False	True	False	False			
ENVO:01001456	tropical mountain	True	False	False	0	0	True	False	False	False	False	False	False			90.0
ENVO:02500027	anthropogenic environmental process	True	False	False	0	0	False	False	False	False	False	False	False			1.0
ENVO:00000198	ice-covered lake	True	False	False	0	0	True	False	False	False	False	False	False			1.0
ENVO:03500005	anthropogenic litter	True	False	False	0	0	False	False	False	False	False	False	False			39.0
ENVO:00000387	container of an intermittent lake	True	False	False	0	0	True	False	False	False	False	False	False			1.0
FOODON:00002753	bean (whole)	False	False	False	0	0	False	False	False	False	False	True	False			3.0
ENVO:00000888	large river headwater biome	True	False	False	0	0	True	True	True	False	True	False	False			
ENVO:01000248	dense settlement biome	True	False	False	0	0	True	True	True	False	False	False	False			26.0
ENVO:00002123	bioreactor	True	False	False	0	0	False	False	False	False	False	False	False			1.0
ENVO:01000027	marine abyssal zone biome	True	False	False	0	0	True	True	True	False	True	False	False			
ENVO:01000424	patio	True	False	False	0	0	True	False	False	False	False	False	False			2.0
ENVO:01000858	marine upwelling biome	True	False	False	0	0	True	True	True	False	True	False	False			
ENVO:00000295	fish hatchery	True	False	False	0	0	True	False	False	False	False	False	False			1.0
ENVO:00000357	lock	True	False	False	0	0	True	False	False	False	False	False	False			1.0
ENVO:01000242	desert scrubland	True	False	False	0	0	True	False	False	False	False	False	False			12.0
ENVO:00000197	endorheic lake	True	False	False	0	0	True	False	False	False	False	False	False			1.0
ENVO:00000210	marine aphotic zone	True	False	False	0	0	True	False	False	False	False	False	False			1.0
ENVO:00003869	straw	True	False	False	0	0	False	False	False	False	False	True	False			20.0
NCBITaxon:7003	Locusta	False	False	False	0	0	False	False	False	False	False	False	False			1.0
ENVO:01000415	fine respirable suspended particulate matter	True	False	False	0	0	False	False	False	False	False	True	False			2.0
ENVO:00000385	stream mouth	True	False	False	0	0	True	False	False	False	False	False	False			1.0
ENVO:00000086	plain	True	False	False	0	0	True	False	False	False	False	False	False			15.0
ENVO:01000529	chemical toilet fixture	True	False	False	0	0	False	False	False	False	False	False	False			1.0
ENVO:00000231	moor	True	False	False	0	0	False	True	False	False	False	False	False			1.0
ENVO:3		False	False	False	0	0	False	False	False	False	False	False	False			1.0
ENVO:01001832	subtropical biome	True	False	False	0	13	True	True	True	False	False	False	False			20.0
NCBITaxon:2759	Eukaryota	False	False	False	0	0	False	False	False	False	False	False	False			1.0
ENVO:00000344	grain of desert sand	True	False	False	0	0	True	False	False	False	False	False	False			1.0
UBERON:0001913	milk	False	False	False	0	0	False	False	False	False	False	False	False			1.0
ENVO:00000284	quarry	True	False	False	0	0	True	False	False	False	False	False	False			1.0
ENVO:01000036	oceanic mesopelagic zone biome	True	False	False	0	0	True	True	True	False	True	False	False			
ENVO:01000504	unburnt-brick exterior wall	True	False	False	0	0	True	False	False	False	False	False	False			
ENVO:00000323	live cave	True	False	False	0	0	True	False	False	False	False	False	False			1.0
UBERON:0000055	vessel	False	False	False	0	0	False	False	False	False	False	False	False			4.0
ENVO:01001811	temperate grassland	True	False	False	0	1	True	True	False	False	False	False	False			825.0
ENVO:01000217	mediterranean shrubland biome	True	False	True	4	1	True	True	True	True	False	False	False			13.0
ENVO:01000155	organic material	True	False	False	0	0	False	False	False	False	False	True	False			31.0
ENVO:01000199	mediterranean forest biome	True	False	True	3	1	True	True	True	True	False	False	False			2.0
ENVO:00000300	scrubland area	True	False	False	0	0	True	False	False	False	False	False	False			9.0
ENVO:01001796	temperate mixed forest	True	False	False	0	1	True	True	False	False	False	False	False			9.0
ENVO:01001305	vegetated area	True	False	False	0	0	True	False	False	False	False	False	False			171.0
ENVO:01000438	lava flow	True	False	False	0	0	True	False	False	False	False	False	False			1.0
ENVO:00000446	terrestrial biome	True	False	True	1	52	True	True	True	True	False	False	False	209.0		4407.0
ENVO:010002510251		False	False	False	0	0	False	False	False	False	False	False	False			235.0
ENVO:00000362	marine park area	True	False	False	0	0	False	False	False	False	False	False	False			1.0
ENVO:00000282	esker	True	False	False	0	0	True	False	False	False	False	False	False			1.0
ENVO:00000033	pond	True	False	False	0	0	True	False	False	False	False	False	False			24.0
ENVO:01000054	marine basaltic hydrothermal vent biome	True	False	False	0	0	True	True	True	False	True	False	False			
ENVO:01001838	arid biome	True	False	False	0	0	True	True	True	False	False	False	False			793.0
ENVO:01000339	polar biome	True	False	False	0	0	True	True	True	False	False	False	False			46.0
